filename,num_alpha_dihedrals,alpha_dihedral_score,num_beta_dihedrals,beta_dihedral_score,ranking_score,cluster_single,cluster_size_single,cluster_average,cluster_size_average,cluster_maximum,cluster_size_maximum,cluster_pairs_min,cluster_size_pairs_min,cluster_pairs_abs,cluster_size_pairs_abs,num_pairs,rmsd,maxsub,tm,msi,filename_experimental,L_experiment,L_prediction,L_joint,L_normalization
04ed0b4ea3954fd080fb54c4f1b06ae6/P40337_b0.5/fold/P40337_b0.5_173_10_hMIN.pdb,22,5.3999999999999995,15,4.6000000000000005,0.2127659574468085,7,1,6,3,9,3,0,36,0,35,29,2.484,0.156,0.24600000000000002,0.156,04ed0b4ea3954fd080fb54c4f1b06ae6/P40337_b0.5/compare/aux/P40337_b0.5_remapped_5nw1_L_120.pdb,143,135,131,131
04ed0b4ea3954fd080fb54c4f1b06ae6/P40337_b0.5/fold/P40337_b0.5_117_6_hMIN.pdb,22,9.0,20,6.0,0.3191489361702128,63,22,15,26,12,4,2,29,2,29,21,2.51,0.111,0.23800000000000002,0.111,04ed0b4ea3954fd080fb54c4f1b06ae6/P40337_b0.5/compare/aux/P40337_b0.5_remapped_5nw1_L_120.pdb,143,135,131,131
04ed0b4ea3954fd080fb54c4f1b06ae6/P40337_b0.5/fold/P40337_b0.5_117_3_hMIN.pdb,22,4.6000000000000005,19,6.4,0.23404255319148937,63,22,15,26,8,22,2,29,2,29,22,2.6910000000000003,0.11199999999999999,0.23399999999999999,0.11199999999999999,04ed0b4ea3954fd080fb54c4f1b06ae6/P40337_b0.5/compare/aux/P40337_b0.5_remapped_5nw1_L_120.pdb,143,135,131,131
04ed0b4ea3954fd080fb54c4f1b06ae6/P40337_b0.5/fold/P40337_b0.5_96_4_hMIN.pdb,22,7.4,14,3.6,0.23404255319148937,56,54,8,65,11,7,1,57,5,13,24,2.379,0.131,0.23199999999999998,0.131,04ed0b4ea3954fd080fb54c4f1b06ae6/P40337_b0.5/compare/aux/P40337_b0.5_remapped_5nw1_L_120.pdb,143,135,131,131
04ed0b4ea3954fd080fb54c4f1b06ae6/P40337_b0.5/fold/P40337_b0.5_96_2_hMIN.pdb,22,7.400000000000001,15,2.0,0.20000000000000004,32,1,13,9,11,7,7,7,0,35,25,2.576,0.132,0.23,0.132,04ed0b4ea3954fd080fb54c4f1b06ae6/P40337_b0.5/compare/aux/P40337_b0.5_remapped_5nw1_L_120.pdb,143,135,131,131
04ed0b4ea3954fd080fb54c4f1b06ae6/P40337_b0.5/fold/P40337_b0.5_159_9_hMIN.pdb,22,6.6,8,3.0,0.20425531914893616,34,1,15,26,12,4,2,29,2,29,21,2.841,0.105,0.22899999999999998,0.105,04ed0b4ea3954fd080fb54c4f1b06ae6/P40337_b0.5/compare/aux/P40337_b0.5_remapped_5nw1_L_120.pdb,143,135,131,131
04ed0b4ea3954fd080fb54c4f1b06ae6/P40337_b0.5/fold/P40337_b0.5_96_8_hMIN.pdb,22,3.0000000000000004,16,1.4,0.09361702127659575,63,22,15,26,8,22,2,29,2,29,19,2.292,0.106,0.22899999999999998,0.106,04ed0b4ea3954fd080fb54c4f1b06ae6/P40337_b0.5/compare/aux/P40337_b0.5_remapped_5nw1_L_120.pdb,143,135,131,131
04ed0b4ea3954fd080fb54c4f1b06ae6/P40337_b0.5/fold/P40337_b0.5_96_3_hMIN.pdb,22,7.0,15,4.4,0.24255319148936172,33,1,7,2,6,1,0,36,0,35,21,2.406,0.115,0.226,0.115,04ed0b4ea3954fd080fb54c4f1b06ae6/P40337_b0.5/compare/aux/P40337_b0.5_remapped_5nw1_L_120.pdb,143,135,131,131
04ed0b4ea3954fd080fb54c4f1b06ae6/P40337_b0.5/fold/P40337_b0.5_82_2_hMIN.pdb,22,5.4,15,2.6,0.1702127659574468,61,3,16,14,21,9,4,13,4,13,23,3.0460000000000003,0.109,0.22399999999999998,0.109,04ed0b4ea3954fd080fb54c4f1b06ae6/P40337_b0.5/compare/aux/P40337_b0.5_remapped_5nw1_L_120.pdb,143,135,131,131
04ed0b4ea3954fd080fb54c4f1b06ae6/P40337_b0.5/fold/P40337_b0.5_131_6_hMIN.pdb,22,7.199999999999999,14,5.8,0.2765957446808511,63,22,15,26,8,22,2,29,2,29,25,2.6239999999999997,0.129,0.22399999999999998,0.129,04ed0b4ea3954fd080fb54c4f1b06ae6/P40337_b0.5/compare/aux/P40337_b0.5_remapped_5nw1_L_120.pdb,143,135,131,131
04ed0b4ea3954fd080fb54c4f1b06ae6/P40337_b0.5/fold/P40337_b0.5_89_10_hMIN.pdb,22,10.200000000000001,18,3.4000000000000004,0.2893617021276596,39,1,14,3,31,2,0,36,0,35,25,2.733,0.128,0.221,0.128,04ed0b4ea3954fd080fb54c4f1b06ae6/P40337_b0.5/compare/aux/P40337_b0.5_remapped_5nw1_L_120.pdb,143,135,131,131
04ed0b4ea3954fd080fb54c4f1b06ae6/P40337_b0.5/fold/P40337_b0.5_significant_ECs_0.9_1_hMIN.pdb,22,10.6,4,2.8,0.28510638297872337,58,2,20,2,32,2,0,36,0,35,25,2.255,0.139,0.221,0.139,04ed0b4ea3954fd080fb54c4f1b06ae6/P40337_b0.5/compare/aux/P40337_b0.5_remapped_5nw1_L_120.pdb,143,135,131,131
04ed0b4ea3954fd080fb54c4f1b06ae6/P40337_b0.5/fold/P40337_b0.5_75_2_hMIN.pdb,22,6.800000000000001,14,0.0,0.1446808510638298,62,3,16,14,21,9,4,13,4,13,27,3.0610000000000004,0.126,0.221,0.126,04ed0b4ea3954fd080fb54c4f1b06ae6/P40337_b0.5/compare/aux/P40337_b0.5_remapped_5nw1_L_120.pdb,143,135,131,131
04ed0b4ea3954fd080fb54c4f1b06ae6/P40337_b0.5/fold/P40337_b0.5_103_6_hMIN.pdb,22,4.8,20,3.2,0.1702127659574468,65,4,13,9,19,7,7,7,0,35,20,2.411,0.11,0.221,0.11,04ed0b4ea3954fd080fb54c4f1b06ae6/P40337_b0.5/compare/aux/P40337_b0.5_remapped_5nw1_L_120.pdb,143,135,131,131
04ed0b4ea3954fd080fb54c4f1b06ae6/P40337_b0.5/fold/P40337_b0.5_75_3_hMIN.pdb,22,8.6,12,0.0,0.1829787234042553,64,6,16,14,21,9,4,13,4,13,28,2.917,0.136,0.22,0.136,04ed0b4ea3954fd080fb54c4f1b06ae6/P40337_b0.5/compare/aux/P40337_b0.5_remapped_5nw1_L_120.pdb,143,135,131,131
04ed0b4ea3954fd080fb54c4f1b06ae6/P40337_b0.5/fold/P40337_b0.5_75_6_hMIN.pdb,22,5.8,5,1.0,0.14468085106382977,62,3,16,14,21,9,4,13,4,13,20,2.569,0.105,0.218,0.105,04ed0b4ea3954fd080fb54c4f1b06ae6/P40337_b0.5/compare/aux/P40337_b0.5_remapped_5nw1_L_120.pdb,143,135,131,131
04ed0b4ea3954fd080fb54c4f1b06ae6/P40337_b0.5/fold/P40337_b0.5_166_3_hMIN.pdb,22,3.2,19,4.800000000000001,0.1702127659574468,4,1,3,1,2,1,0,36,0,35,22,2.571,0.11599999999999999,0.218,0.11599999999999999,04ed0b4ea3954fd080fb54c4f1b06ae6/P40337_b0.5/compare/aux/P40337_b0.5_remapped_5nw1_L_120.pdb,143,135,131,131
04ed0b4ea3954fd080fb54c4f1b06ae6/P40337_b0.5/fold/P40337_b0.5_89_5_hMIN.pdb,22,4.2,11,2.2,0.13617021276595745,11,1,14,3,7,1,0,36,0,35,22,2.231,0.122,0.218,0.122,04ed0b4ea3954fd080fb54c4f1b06ae6/P40337_b0.5/compare/aux/P40337_b0.5_remapped_5nw1_L_120.pdb,143,135,131,131
04ed0b4ea3954fd080fb54c4f1b06ae6/P40337_b0.5/fold/P40337_b0.5_82_3_hMIN.pdb,22,8.2,20,6.8,0.3191489361702128,61,3,16,14,21,9,4,13,4,13,21,2.501,0.11199999999999999,0.218,0.11199999999999999,04ed0b4ea3954fd080fb54c4f1b06ae6/P40337_b0.5/compare/aux/P40337_b0.5_remapped_5nw1_L_120.pdb,143,135,131,131
04ed0b4ea3954fd080fb54c4f1b06ae6/P40337_b0.5/fold/P40337_b0.5_82_5_hMIN.pdb,22,2.8000000000000003,11,2.4,0.11063829787234043,50,1,16,14,21,9,4,13,4,13,26,2.801,0.129,0.21600000000000003,0.129,04ed0b4ea3954fd080fb54c4f1b06ae6/P40337_b0.5/compare/aux/P40337_b0.5_remapped_5nw1_L_120.pdb,143,135,131,131
04ed0b4ea3954fd080fb54c4f1b06ae6/P40337_b0.5/fold/P40337_b0.5_75_4_hMIN.pdb,22,5.6000000000000005,19,5.6000000000000005,0.23829787234042554,62,3,16,14,21,9,4,13,4,13,22,2.6239999999999997,0.115,0.215,0.115,04ed0b4ea3954fd080fb54c4f1b06ae6/P40337_b0.5/compare/aux/P40337_b0.5_remapped_5nw1_L_120.pdb,143,135,131,131
04ed0b4ea3954fd080fb54c4f1b06ae6/P40337_b0.5/fold/P40337_b0.5_145_5_hMIN.pdb,22,3.1999999999999997,15,2.8,0.1276595744680851,56,54,8,65,13,10,1,57,1,50,22,2.53,0.11699999999999999,0.214,0.11699999999999999,04ed0b4ea3954fd080fb54c4f1b06ae6/P40337_b0.5/compare/aux/P40337_b0.5_remapped_5nw1_L_120.pdb,143,135,131,131
04ed0b4ea3954fd080fb54c4f1b06ae6/P40337_b0.5/fold/P40337_b0.5_96_5_hMIN.pdb,22,7.6,17,1.0,0.1829787234042553,56,54,8,65,11,7,1,57,1,50,20,2.696,0.10300000000000001,0.212,0.10300000000000001,04ed0b4ea3954fd080fb54c4f1b06ae6/P40337_b0.5/compare/aux/P40337_b0.5_remapped_5nw1_L_120.pdb,143,135,131,131
04ed0b4ea3954fd080fb54c4f1b06ae6/P40337_b0.5/fold/P40337_b0.5_89_1_hMIN.pdb,22,3.8,6,3.0000000000000004,0.1446808510638298,1,1,2,1,3,1,0,36,0,35,18,2.719,0.091,0.21100000000000002,0.091,04ed0b4ea3954fd080fb54c4f1b06ae6/P40337_b0.5/compare/aux/P40337_b0.5_remapped_5nw1_L_120.pdb,143,135,131,131
04ed0b4ea3954fd080fb54c4f1b06ae6/P40337_b0.5/fold/P40337_b0.5_75_8_hMIN.pdb,22,7.200000000000001,19,9.6,0.3574468085106383,60,11,10,16,22,9,3,15,3,15,22,2.688,0.114,0.21100000000000002,0.114,04ed0b4ea3954fd080fb54c4f1b06ae6/P40337_b0.5/compare/aux/P40337_b0.5_remapped_5nw1_L_120.pdb,143,135,131,131
04ed0b4ea3954fd080fb54c4f1b06ae6/P40337_b0.5/fold/P40337_b0.5_117_7_hMIN.pdb,22,3.6,17,1.6,0.11063829787234043,56,54,8,65,10,11,1,57,1,50,19,2.682,0.099,0.21,0.099,04ed0b4ea3954fd080fb54c4f1b06ae6/P40337_b0.5/compare/aux/P40337_b0.5_remapped_5nw1_L_120.pdb,143,135,131,131
04ed0b4ea3954fd080fb54c4f1b06ae6/P40337_b0.5/fold/P40337_b0.5_117_1_hMIN.pdb,22,3.2,15,5.200000000000001,0.17872340425531918,63,22,15,26,8,22,2,29,2,29,23,2.582,0.122,0.21,0.122,04ed0b4ea3954fd080fb54c4f1b06ae6/P40337_b0.5/compare/aux/P40337_b0.5_remapped_5nw1_L_120.pdb,143,135,131,131
04ed0b4ea3954fd080fb54c4f1b06ae6/P40337_b0.5/fold/P40337_b0.5_159_1_hMIN.pdb,22,4.0,12,0.4,0.09361702127659575,56,54,8,65,16,11,1,57,1,50,21,2.8939999999999997,0.10400000000000001,0.209,0.10400000000000001,04ed0b4ea3954fd080fb54c4f1b06ae6/P40337_b0.5/compare/aux/P40337_b0.5_remapped_5nw1_L_120.pdb,143,135,131,131
04ed0b4ea3954fd080fb54c4f1b06ae6/P40337_b0.5/fold/P40337_b0.5_173_2_hMIN.pdb,22,2.8,11,2.6,0.11489361702127661,15,1,9,2,15,2,0,36,0,35,21,2.803,0.10400000000000001,0.209,0.10400000000000001,04ed0b4ea3954fd080fb54c4f1b06ae6/P40337_b0.5/compare/aux/P40337_b0.5_remapped_5nw1_L_120.pdb,143,135,131,131
04ed0b4ea3954fd080fb54c4f1b06ae6/P40337_b0.5/fold/P40337_b0.5_89_6_hMIN.pdb,22,5.6000000000000005,20,4.6000000000000005,0.21702127659574472,6,1,11,3,14,3,0,36,0,35,20,2.589,0.105,0.20800000000000002,0.105,04ed0b4ea3954fd080fb54c4f1b06ae6/P40337_b0.5/compare/aux/P40337_b0.5_remapped_5nw1_L_120.pdb,143,135,131,131
04ed0b4ea3954fd080fb54c4f1b06ae6/P40337_b0.5/fold/P40337_b0.5_103_1_hMIN.pdb,22,0.2,9,0.4,0.012765957446808512,63,22,15,26,8,22,2,29,2,29,20,2.839,0.099,0.20800000000000002,0.099,04ed0b4ea3954fd080fb54c4f1b06ae6/P40337_b0.5/compare/aux/P40337_b0.5_remapped_5nw1_L_120.pdb,143,135,131,131
04ed0b4ea3954fd080fb54c4f1b06ae6/P40337_b0.5/fold/P40337_b0.5_82_9_hMIN.pdb,22,5.4,15,3.6,0.19148936170212766,57,2,10,16,22,9,3,15,3,15,22,2.4819999999999998,0.11699999999999999,0.207,0.11699999999999999,04ed0b4ea3954fd080fb54c4f1b06ae6/P40337_b0.5/compare/aux/P40337_b0.5_remapped_5nw1_L_120.pdb,143,135,131,131
04ed0b4ea3954fd080fb54c4f1b06ae6/P40337_b0.5/fold/P40337_b0.5_89_8_hMIN.pdb,22,6.800000000000001,19,6.200000000000001,0.2765957446808511,51,1,11,3,14,3,0,36,0,35,21,2.6839999999999997,0.10800000000000001,0.207,0.10800000000000001,04ed0b4ea3954fd080fb54c4f1b06ae6/P40337_b0.5/compare/aux/P40337_b0.5_remapped_5nw1_L_120.pdb,143,135,131,131
04ed0b4ea3954fd080fb54c4f1b06ae6/P40337_b0.5/fold/P40337_b0.5_145_1_hMIN.pdb,22,3.6000000000000005,15,7.199999999999999,0.22978723404255322,56,54,8,65,13,10,1,57,1,50,20,2.245,0.11199999999999999,0.20600000000000002,0.11199999999999999,04ed0b4ea3954fd080fb54c4f1b06ae6/P40337_b0.5/compare/aux/P40337_b0.5_remapped_5nw1_L_120.pdb,143,135,131,131
04ed0b4ea3954fd080fb54c4f1b06ae6/P40337_b0.5/fold/P40337_b0.5_68_3_hMIN.pdb,22,7.6,15,7.2,0.3148936170212766,64,6,16,14,27,5,4,13,4,13,27,3.1919999999999997,0.124,0.20600000000000002,0.124,04ed0b4ea3954fd080fb54c4f1b06ae6/P40337_b0.5/compare/aux/P40337_b0.5_remapped_5nw1_L_120.pdb,143,135,131,131
04ed0b4ea3954fd080fb54c4f1b06ae6/P40337_b0.5/fold/P40337_b0.5_significant_ECs_0.9_9_hMIN.pdb,22,9.4,4,1.4000000000000001,0.22978723404255322,58,2,20,2,32,2,0,36,0,35,21,2.126,0.12,0.20600000000000002,0.12,04ed0b4ea3954fd080fb54c4f1b06ae6/P40337_b0.5/compare/aux/P40337_b0.5_remapped_5nw1_L_120.pdb,143,135,131,131
04ed0b4ea3954fd080fb54c4f1b06ae6/P40337_b0.5/fold/P40337_b0.5_89_4_hMIN.pdb,22,3.0,9,0.0,0.06382978723404255,40,1,14,3,31,2,0,36,0,35,22,2.634,0.114,0.205,0.114,04ed0b4ea3954fd080fb54c4f1b06ae6/P40337_b0.5/compare/aux/P40337_b0.5_remapped_5nw1_L_120.pdb,143,135,131,131
04ed0b4ea3954fd080fb54c4f1b06ae6/P40337_b0.5/fold/P40337_b0.5_82_8_hMIN.pdb,22,4.800000000000001,10,5.800000000000001,0.22553191489361704,61,3,16,14,21,9,4,13,4,13,20,2.734,0.10099999999999999,0.205,0.10099999999999999,04ed0b4ea3954fd080fb54c4f1b06ae6/P40337_b0.5/compare/aux/P40337_b0.5_remapped_5nw1_L_120.pdb,143,135,131,131
04ed0b4ea3954fd080fb54c4f1b06ae6/P40337_b0.5/fold/P40337_b0.5_159_8_hMIN.pdb,22,6.199999999999999,13,1.8,0.17021276595744678,29,1,15,26,12,4,2,29,2,29,19,2.94,0.092,0.205,0.092,04ed0b4ea3954fd080fb54c4f1b06ae6/P40337_b0.5/compare/aux/P40337_b0.5_remapped_5nw1_L_120.pdb,143,135,131,131
04ed0b4ea3954fd080fb54c4f1b06ae6/P40337_b0.5/fold/P40337_b0.5_96_1_hMIN.pdb,22,4.8,16,5.199999999999999,0.2127659574468085,20,1,7,2,11,7,0,36,5,13,20,2.423,0.109,0.204,0.109,04ed0b4ea3954fd080fb54c4f1b06ae6/P40337_b0.5/compare/aux/P40337_b0.5_remapped_5nw1_L_120.pdb,143,135,131,131
04ed0b4ea3954fd080fb54c4f1b06ae6/P40337_b0.5/fold/P40337_b0.5_138_10_hMIN.pdb,22,3.2,16,5.6,0.1872340425531915,56,54,8,65,10,11,1,57,1,50,18,2.425,0.098,0.203,0.098,04ed0b4ea3954fd080fb54c4f1b06ae6/P40337_b0.5/compare/aux/P40337_b0.5_remapped_5nw1_L_120.pdb,143,135,131,131
04ed0b4ea3954fd080fb54c4f1b06ae6/P40337_b0.5/fold/P40337_b0.5_138_1_hMIN.pdb,22,4.8,10,0.0,0.10212765957446808,63,22,15,26,8,22,2,29,2,29,19,2.9560000000000004,0.091,0.203,0.091,04ed0b4ea3954fd080fb54c4f1b06ae6/P40337_b0.5/compare/aux/P40337_b0.5_remapped_5nw1_L_120.pdb,143,135,131,131
04ed0b4ea3954fd080fb54c4f1b06ae6/P40337_b0.5/fold/P40337_b0.5_159_3_hMIN.pdb,22,3.6,15,3.1999999999999997,0.14468085106382977,3,1,1,1,1,1,0,36,0,35,21,2.7760000000000002,0.105,0.20199999999999999,0.105,04ed0b4ea3954fd080fb54c4f1b06ae6/P40337_b0.5/compare/aux/P40337_b0.5_remapped_5nw1_L_120.pdb,143,135,131,131
04ed0b4ea3954fd080fb54c4f1b06ae6/P40337_b0.5/fold/P40337_b0.5_145_4_hMIN.pdb,22,6.2,19,6.4,0.2680851063829788,56,54,8,65,20,8,1,57,1,50,20,2.451,0.107,0.19899999999999998,0.107,04ed0b4ea3954fd080fb54c4f1b06ae6/P40337_b0.5/compare/aux/P40337_b0.5_remapped_5nw1_L_120.pdb,143,135,131,131
04ed0b4ea3954fd080fb54c4f1b06ae6/P40337_b0.5/fold/P40337_b0.5_166_2_hMIN.pdb,22,4.800000000000001,12,0.4,0.11063829787234045,22,1,8,65,16,11,1,57,0,35,22,2.674,0.114,0.198,0.114,04ed0b4ea3954fd080fb54c4f1b06ae6/P40337_b0.5/compare/aux/P40337_b0.5_remapped_5nw1_L_120.pdb,143,135,131,131
04ed0b4ea3954fd080fb54c4f1b06ae6/P40337_b0.5/fold/P40337_b0.5_166_5_hMIN.pdb,22,4.6,10,0.0,0.0978723404255319,5,1,9,2,15,2,0,36,0,35,18,2.094,0.10300000000000001,0.198,0.10300000000000001,04ed0b4ea3954fd080fb54c4f1b06ae6/P40337_b0.5/compare/aux/P40337_b0.5_remapped_5nw1_L_120.pdb,143,135,131,131
04ed0b4ea3954fd080fb54c4f1b06ae6/P40337_b0.5/fold/P40337_b0.5_138_5_hMIN.pdb,22,5.000000000000001,9,4.0,0.19148936170212766,56,54,8,65,13,10,1,57,1,50,20,2.909,0.09699999999999999,0.19699999999999998,0.09699999999999999,04ed0b4ea3954fd080fb54c4f1b06ae6/P40337_b0.5/compare/aux/P40337_b0.5_remapped_5nw1_L_120.pdb,143,135,131,131
04ed0b4ea3954fd080fb54c4f1b06ae6/P40337_b0.5/fold/P40337_b0.5_145_10_hMIN.pdb,22,5.6000000000000005,14,1.4,0.14893617021276595,45,1,15,26,8,22,2,29,2,29,16,2.437,0.086,0.196,0.086,04ed0b4ea3954fd080fb54c4f1b06ae6/P40337_b0.5/compare/aux/P40337_b0.5_remapped_5nw1_L_120.pdb,143,135,131,131
04ed0b4ea3954fd080fb54c4f1b06ae6/P40337_b0.5/fold/P40337_b0.5_significant_ECs_0.9_3_hMIN.pdb,22,9.200000000000001,3,0.0,0.19574468085106386,66,8,21,8,34,8,6,8,7,8,23,2.278,0.13,0.196,0.13,04ed0b4ea3954fd080fb54c4f1b06ae6/P40337_b0.5/compare/aux/P40337_b0.5_remapped_5nw1_L_120.pdb,143,135,131,131
04ed0b4ea3954fd080fb54c4f1b06ae6/P40337_b0.5/fold/P40337_b0.5_96_10_hMIN.pdb,22,4.6000000000000005,13,2.0,0.14042553191489363,10,1,13,9,24,3,7,7,5,13,20,2.311,0.11,0.196,0.11,04ed0b4ea3954fd080fb54c4f1b06ae6/P40337_b0.5/compare/aux/P40337_b0.5_remapped_5nw1_L_120.pdb,143,135,131,131
04ed0b4ea3954fd080fb54c4f1b06ae6/P40337_b0.5/fold/P40337_b0.5_68_6_hMIN.pdb,22,6.600000000000001,11,3.6,0.21702127659574472,60,11,10,16,33,5,3,15,3,15,18,2.825,0.08900000000000001,0.195,0.08900000000000001,04ed0b4ea3954fd080fb54c4f1b06ae6/P40337_b0.5/compare/aux/P40337_b0.5_remapped_5nw1_L_120.pdb,143,135,131,131
04ed0b4ea3954fd080fb54c4f1b06ae6/P40337_b0.5/fold/P40337_b0.5_103_8_hMIN.pdb,22,5.2,12,5.2,0.22127659574468087,63,22,15,26,8,22,2,29,2,29,21,2.736,0.106,0.195,0.106,04ed0b4ea3954fd080fb54c4f1b06ae6/P40337_b0.5/compare/aux/P40337_b0.5_remapped_5nw1_L_120.pdb,143,135,131,131
04ed0b4ea3954fd080fb54c4f1b06ae6/P40337_b0.5/fold/P40337_b0.5_68_10_hMIN.pdb,22,5.4,15,6.3999999999999995,0.25106382978723407,60,11,10,16,33,5,3,15,3,15,20,2.363,0.11,0.195,0.11,04ed0b4ea3954fd080fb54c4f1b06ae6/P40337_b0.5/compare/aux/P40337_b0.5_remapped_5nw1_L_120.pdb,143,135,131,131
04ed0b4ea3954fd080fb54c4f1b06ae6/P40337_b0.5/fold/P40337_b0.5_96_6_hMIN.pdb,22,6.2,17,2.8,0.19148936170212766,23,1,13,9,24,3,7,7,0,35,17,2.5140000000000002,0.091,0.19399999999999998,0.091,04ed0b4ea3954fd080fb54c4f1b06ae6/P40337_b0.5/compare/aux/P40337_b0.5_remapped_5nw1_L_120.pdb,143,135,131,131
04ed0b4ea3954fd080fb54c4f1b06ae6/P40337_b0.5/fold/P40337_b0.5_103_3_hMIN.pdb,22,9.2,18,6.4,0.33191489361702126,56,54,8,65,25,11,1,57,1,50,18,2.681,0.09300000000000001,0.19399999999999998,0.09300000000000001,04ed0b4ea3954fd080fb54c4f1b06ae6/P40337_b0.5/compare/aux/P40337_b0.5_remapped_5nw1_L_120.pdb,143,135,131,131
04ed0b4ea3954fd080fb54c4f1b06ae6/P40337_b0.5/fold/P40337_b0.5_significant_ECs_0.9_7_hMIN.pdb,22,13.6,4,0.8,0.30638297872340425,66,8,21,8,34,8,6,8,7,8,18,1.311,0.11699999999999999,0.19399999999999998,0.11699999999999999,04ed0b4ea3954fd080fb54c4f1b06ae6/P40337_b0.5/compare/aux/P40337_b0.5_remapped_5nw1_L_120.pdb,143,135,131,131
04ed0b4ea3954fd080fb54c4f1b06ae6/P40337_b0.5/fold/P40337_b0.5_145_7_hMIN.pdb,22,3.8000000000000003,17,7.800000000000001,0.2468085106382979,63,22,15,26,8,22,2,29,2,29,19,2.622,0.098,0.193,0.098,04ed0b4ea3954fd080fb54c4f1b06ae6/P40337_b0.5/compare/aux/P40337_b0.5_remapped_5nw1_L_120.pdb,143,135,131,131
04ed0b4ea3954fd080fb54c4f1b06ae6/P40337_b0.5/fold/P40337_b0.5_159_10_hMIN.pdb,22,8.0,18,1.6,0.20425531914893616,41,1,6,3,9,3,2,29,2,29,17,2.3930000000000002,0.09300000000000001,0.193,0.09300000000000001,04ed0b4ea3954fd080fb54c4f1b06ae6/P40337_b0.5/compare/aux/P40337_b0.5_remapped_5nw1_L_120.pdb,143,135,131,131
04ed0b4ea3954fd080fb54c4f1b06ae6/P40337_b0.5/fold/P40337_b0.5_117_8_hMIN.pdb,22,4.8,21,4.8,0.20425531914893616,56,54,8,65,10,11,1,57,1,50,17,2.524,0.09,0.193,0.09,04ed0b4ea3954fd080fb54c4f1b06ae6/P40337_b0.5/compare/aux/P40337_b0.5_remapped_5nw1_L_120.pdb,143,135,131,131
04ed0b4ea3954fd080fb54c4f1b06ae6/P40337_b0.5/fold/P40337_b0.5_152_7_hMIN.pdb,22,3.2,10,5.4,0.18297872340425536,21,1,15,26,12,4,2,29,2,29,17,2.041,0.098,0.193,0.098,04ed0b4ea3954fd080fb54c4f1b06ae6/P40337_b0.5/compare/aux/P40337_b0.5_remapped_5nw1_L_120.pdb,143,135,131,131
04ed0b4ea3954fd080fb54c4f1b06ae6/P40337_b0.5/fold/P40337_b0.5_82_7_hMIN.pdb,22,3.8000000000000007,17,7.6,0.24255319148936172,28,1,10,16,30,2,0,36,0,35,17,2.267,0.094,0.193,0.094,04ed0b4ea3954fd080fb54c4f1b06ae6/P40337_b0.5/compare/aux/P40337_b0.5_remapped_5nw1_L_120.pdb,143,135,131,131
04ed0b4ea3954fd080fb54c4f1b06ae6/P40337_b0.5/fold/P40337_b0.5_82_6_hMIN.pdb,22,7.000000000000001,14,7.6000000000000005,0.31063829787234043,57,2,10,16,22,9,3,15,3,15,20,2.612,0.10400000000000001,0.192,0.10400000000000001,04ed0b4ea3954fd080fb54c4f1b06ae6/P40337_b0.5/compare/aux/P40337_b0.5_remapped_5nw1_L_120.pdb,143,135,131,131
04ed0b4ea3954fd080fb54c4f1b06ae6/P40337_b0.5/fold/P40337_b0.5_166_7_hMIN.pdb,22,3.2000000000000006,14,7.6000000000000005,0.22978723404255322,54,1,12,6,26,4,0,36,0,35,20,2.807,0.1,0.192,0.1,04ed0b4ea3954fd080fb54c4f1b06ae6/P40337_b0.5/compare/aux/P40337_b0.5_remapped_5nw1_L_120.pdb,143,135,131,131
04ed0b4ea3954fd080fb54c4f1b06ae6/P40337_b0.5/fold/P40337_b0.5_103_2_hMIN.pdb,22,4.000000000000001,21,10.799999999999999,0.3148936170212766,63,22,15,26,8,22,2,29,2,29,16,2.835,0.079,0.192,0.079,04ed0b4ea3954fd080fb54c4f1b06ae6/P40337_b0.5/compare/aux/P40337_b0.5_remapped_5nw1_L_120.pdb,143,135,131,131
04ed0b4ea3954fd080fb54c4f1b06ae6/P40337_b0.5/fold/P40337_b0.5_110_10_hMIN.pdb,22,6.199999999999999,18,3.6000000000000005,0.20851063829787236,56,54,8,65,25,11,0,36,5,13,20,2.517,0.106,0.191,0.106,04ed0b4ea3954fd080fb54c4f1b06ae6/P40337_b0.5/compare/aux/P40337_b0.5_remapped_5nw1_L_120.pdb,143,135,131,131
04ed0b4ea3954fd080fb54c4f1b06ae6/P40337_b0.5/fold/P40337_b0.5_96_7_hMIN.pdb,22,4.8,16,1.2000000000000002,0.1276595744680851,56,54,8,65,11,7,7,7,5,13,21,2.682,0.109,0.191,0.109,04ed0b4ea3954fd080fb54c4f1b06ae6/P40337_b0.5/compare/aux/P40337_b0.5_remapped_5nw1_L_120.pdb,143,135,131,131
04ed0b4ea3954fd080fb54c4f1b06ae6/P40337_b0.5/fold/P40337_b0.5_159_6_hMIN.pdb,22,2.6,14,4.6000000000000005,0.15319148936170215,56,54,8,65,16,11,0,36,0,35,20,2.605,0.105,0.191,0.105,04ed0b4ea3954fd080fb54c4f1b06ae6/P40337_b0.5/compare/aux/P40337_b0.5_remapped_5nw1_L_120.pdb,143,135,131,131
04ed0b4ea3954fd080fb54c4f1b06ae6/P40337_b0.5/fold/P40337_b0.5_significant_ECs_0.9_5_hMIN.pdb,22,10.799999999999999,4,0.0,0.22978723404255316,66,8,21,8,34,8,6,8,7,8,19,1.821,0.11599999999999999,0.191,0.11599999999999999,04ed0b4ea3954fd080fb54c4f1b06ae6/P40337_b0.5/compare/aux/P40337_b0.5_remapped_5nw1_L_120.pdb,143,135,131,131
04ed0b4ea3954fd080fb54c4f1b06ae6/P40337_b0.5/fold/P40337_b0.5_138_3_hMIN.pdb,22,7.199999999999999,16,3.8,0.23404255319148937,63,22,15,26,8,22,2,29,2,29,22,2.827,0.11,0.191,0.11,04ed0b4ea3954fd080fb54c4f1b06ae6/P40337_b0.5/compare/aux/P40337_b0.5_remapped_5nw1_L_120.pdb,143,135,131,131
04ed0b4ea3954fd080fb54c4f1b06ae6/P40337_b0.5/fold/P40337_b0.5_131_5_hMIN.pdb,22,5.799999999999999,19,9.2,0.3191489361702127,63,22,15,26,8,22,2,29,2,29,20,2.9530000000000003,0.09699999999999999,0.18899999999999997,0.09699999999999999,04ed0b4ea3954fd080fb54c4f1b06ae6/P40337_b0.5/compare/aux/P40337_b0.5_remapped_5nw1_L_120.pdb,143,135,131,131
04ed0b4ea3954fd080fb54c4f1b06ae6/P40337_b0.5/fold/P40337_b0.5_75_10_hMIN.pdb,22,3.4000000000000004,11,1.2000000000000002,0.09787234042553193,60,11,10,16,22,9,3,15,3,15,16,2.6660000000000004,0.08199999999999999,0.18899999999999997,0.08199999999999999,04ed0b4ea3954fd080fb54c4f1b06ae6/P40337_b0.5/compare/aux/P40337_b0.5_remapped_5nw1_L_120.pdb,143,135,131,131
04ed0b4ea3954fd080fb54c4f1b06ae6/P40337_b0.5/fold/P40337_b0.5_124_3_hMIN.pdb,22,5.0,13,2.6,0.16170212765957445,56,54,8,65,10,11,1,57,1,50,17,2.491,0.09,0.18899999999999997,0.09,04ed0b4ea3954fd080fb54c4f1b06ae6/P40337_b0.5/compare/aux/P40337_b0.5_remapped_5nw1_L_120.pdb,143,135,131,131
04ed0b4ea3954fd080fb54c4f1b06ae6/P40337_b0.5/fold/P40337_b0.5_173_5_hMIN.pdb,22,7.2,17,6.2,0.2851063829787234,31,1,12,6,26,4,0,36,0,35,18,2.5660000000000003,0.095,0.188,0.095,04ed0b4ea3954fd080fb54c4f1b06ae6/P40337_b0.5/compare/aux/P40337_b0.5_remapped_5nw1_L_120.pdb,143,135,131,131
04ed0b4ea3954fd080fb54c4f1b06ae6/P40337_b0.5/fold/P40337_b0.5_68_8_hMIN.pdb,22,1.2,14,1.6,0.05957446808510638,64,6,16,14,27,5,4,13,4,13,17,2.114,0.098,0.188,0.098,04ed0b4ea3954fd080fb54c4f1b06ae6/P40337_b0.5/compare/aux/P40337_b0.5_remapped_5nw1_L_120.pdb,143,135,131,131
04ed0b4ea3954fd080fb54c4f1b06ae6/P40337_b0.5/fold/P40337_b0.5_124_6_hMIN.pdb,22,5.2,18,8.4,0.2893617021276596,63,22,15,26,8,22,2,29,2,29,20,2.681,0.10300000000000001,0.187,0.10300000000000001,04ed0b4ea3954fd080fb54c4f1b06ae6/P40337_b0.5/compare/aux/P40337_b0.5_remapped_5nw1_L_120.pdb,143,135,131,131
04ed0b4ea3954fd080fb54c4f1b06ae6/P40337_b0.5/fold/P40337_b0.5_110_4_hMIN.pdb,22,5.6000000000000005,20,3.4000000000000004,0.19148936170212766,35,1,8,65,19,7,1,57,1,50,17,2.603,0.091,0.187,0.091,04ed0b4ea3954fd080fb54c4f1b06ae6/P40337_b0.5/compare/aux/P40337_b0.5_remapped_5nw1_L_120.pdb,143,135,131,131
04ed0b4ea3954fd080fb54c4f1b06ae6/P40337_b0.5/fold/P40337_b0.5_173_4_hMIN.pdb,22,5.0,18,6.6000000000000005,0.2468085106382979,25,1,17,4,18,4,8,5,8,7,17,2.3080000000000003,0.095,0.18600000000000003,0.095,04ed0b4ea3954fd080fb54c4f1b06ae6/P40337_b0.5/compare/aux/P40337_b0.5_remapped_5nw1_L_120.pdb,143,135,131,131
04ed0b4ea3954fd080fb54c4f1b06ae6/P40337_b0.5/fold/P40337_b0.5_68_1_hMIN.pdb,22,3.6,12,2.0,0.11914893617021276,64,6,16,14,27,5,4,13,4,13,18,2.84,0.09,0.18600000000000003,0.09,04ed0b4ea3954fd080fb54c4f1b06ae6/P40337_b0.5/compare/aux/P40337_b0.5_remapped_5nw1_L_120.pdb,143,135,131,131
04ed0b4ea3954fd080fb54c4f1b06ae6/P40337_b0.5/fold/P40337_b0.5_68_4_hMIN.pdb,22,4.800000000000001,14,2.6,0.1574468085106383,64,6,16,14,27,5,0,36,0,35,17,1.834,0.10099999999999999,0.18600000000000003,0.10099999999999999,04ed0b4ea3954fd080fb54c4f1b06ae6/P40337_b0.5/compare/aux/P40337_b0.5_remapped_5nw1_L_120.pdb,143,135,131,131
04ed0b4ea3954fd080fb54c4f1b06ae6/P40337_b0.5/fold/P40337_b0.5_166_9_hMIN.pdb,22,4.3999999999999995,14,2.0,0.13617021276595745,14,1,12,6,23,2,1,57,1,50,17,2.698,0.08800000000000001,0.18600000000000003,0.08800000000000001,04ed0b4ea3954fd080fb54c4f1b06ae6/P40337_b0.5/compare/aux/P40337_b0.5_remapped_5nw1_L_120.pdb,143,135,131,131
04ed0b4ea3954fd080fb54c4f1b06ae6/P40337_b0.5/fold/P40337_b0.5_significant_ECs_0.9_10_hMIN.pdb,22,12.600000000000001,4,2.6,0.32340425531914896,66,8,21,8,34,8,6,8,7,8,18,1.6130000000000002,0.113,0.185,0.113,04ed0b4ea3954fd080fb54c4f1b06ae6/P40337_b0.5/compare/aux/P40337_b0.5_remapped_5nw1_L_120.pdb,143,135,131,131
04ed0b4ea3954fd080fb54c4f1b06ae6/P40337_b0.5/fold/P40337_b0.5_110_3_hMIN.pdb,22,3.6,8,2.6,0.13191489361702127,46,1,13,9,24,3,0,36,5,13,20,3.14,0.09300000000000001,0.185,0.09300000000000001,04ed0b4ea3954fd080fb54c4f1b06ae6/P40337_b0.5/compare/aux/P40337_b0.5_remapped_5nw1_L_120.pdb,143,135,131,131
04ed0b4ea3954fd080fb54c4f1b06ae6/P40337_b0.5/fold/P40337_b0.5_152_5_hMIN.pdb,22,2.8000000000000003,16,3.8000000000000003,0.14042553191489363,56,54,8,65,17,7,1,57,1,50,17,2.727,0.087,0.185,0.087,04ed0b4ea3954fd080fb54c4f1b06ae6/P40337_b0.5/compare/aux/P40337_b0.5_remapped_5nw1_L_120.pdb,143,135,131,131
04ed0b4ea3954fd080fb54c4f1b06ae6/P40337_b0.5/fold/P40337_b0.5_75_1_hMIN.pdb,22,0.2,17,5.2,0.11489361702127661,60,11,10,16,22,9,3,15,3,15,17,2.225,0.095,0.185,0.095,04ed0b4ea3954fd080fb54c4f1b06ae6/P40337_b0.5/compare/aux/P40337_b0.5_remapped_5nw1_L_120.pdb,143,135,131,131
04ed0b4ea3954fd080fb54c4f1b06ae6/P40337_b0.5/fold/P40337_b0.5_124_4_hMIN.pdb,22,6.0,16,2.2,0.17446808510638295,63,22,15,26,8,22,2,29,2,29,19,2.822,0.095,0.185,0.095,04ed0b4ea3954fd080fb54c4f1b06ae6/P40337_b0.5/compare/aux/P40337_b0.5_remapped_5nw1_L_120.pdb,143,135,131,131
04ed0b4ea3954fd080fb54c4f1b06ae6/P40337_b0.5/fold/P40337_b0.5_173_1_hMIN.pdb,22,6.4,13,2.8,0.1957446808510638,56,54,8,65,16,11,1,57,1,50,26,2.244,0.145,0.184,0.145,04ed0b4ea3954fd080fb54c4f1b06ae6/P40337_b0.5/compare/aux/P40337_b0.5_remapped_5nw1_L_120.pdb,143,135,131,131
04ed0b4ea3954fd080fb54c4f1b06ae6/P40337_b0.5/fold/P40337_b0.5_103_10_hMIN.pdb,22,5.8,22,1.4,0.1531914893617021,65,4,13,9,19,7,0,36,5,13,17,2.7689999999999997,0.086,0.184,0.086,04ed0b4ea3954fd080fb54c4f1b06ae6/P40337_b0.5/compare/aux/P40337_b0.5_remapped_5nw1_L_120.pdb,143,135,131,131
04ed0b4ea3954fd080fb54c4f1b06ae6/P40337_b0.5/fold/P40337_b0.5_131_4_hMIN.pdb,22,5.2,14,2.8000000000000003,0.1702127659574468,63,22,15,26,8,22,2,29,2,29,17,2.7439999999999998,0.085,0.183,0.085,04ed0b4ea3954fd080fb54c4f1b06ae6/P40337_b0.5/compare/aux/P40337_b0.5_remapped_5nw1_L_120.pdb,143,135,131,131
04ed0b4ea3954fd080fb54c4f1b06ae6/P40337_b0.5/fold/P40337_b0.5_166_1_hMIN.pdb,22,1.6,15,4.0,0.11914893617021276,56,54,8,65,16,11,1,57,1,50,18,2.735,0.092,0.183,0.092,04ed0b4ea3954fd080fb54c4f1b06ae6/P40337_b0.5/compare/aux/P40337_b0.5_remapped_5nw1_L_120.pdb,143,135,131,131
04ed0b4ea3954fd080fb54c4f1b06ae6/P40337_b0.5/fold/P40337_b0.5_159_5_hMIN.pdb,22,3.0,11,3.6,0.1404255319148936,13,1,12,6,23,2,0,36,0,35,17,2.7569999999999997,0.086,0.182,0.086,04ed0b4ea3954fd080fb54c4f1b06ae6/P40337_b0.5/compare/aux/P40337_b0.5_remapped_5nw1_L_120.pdb,143,135,131,131
04ed0b4ea3954fd080fb54c4f1b06ae6/P40337_b0.5/fold/P40337_b0.5_131_3_hMIN.pdb,22,5.0,17,3.4,0.17872340425531916,63,22,15,26,8,22,2,29,2,29,16,2.659,0.083,0.18100000000000002,0.083,04ed0b4ea3954fd080fb54c4f1b06ae6/P40337_b0.5/compare/aux/P40337_b0.5_remapped_5nw1_L_120.pdb,143,135,131,131
04ed0b4ea3954fd080fb54c4f1b06ae6/P40337_b0.5/fold/P40337_b0.5_significant_ECs_0.9_8_hMIN.pdb,22,14.399999999999999,1,0.0,0.3063829787234042,66,8,21,8,34,8,6,8,7,8,18,1.605,0.114,0.18100000000000002,0.114,04ed0b4ea3954fd080fb54c4f1b06ae6/P40337_b0.5/compare/aux/P40337_b0.5_remapped_5nw1_L_120.pdb,143,135,131,131
04ed0b4ea3954fd080fb54c4f1b06ae6/P40337_b0.5/fold/P40337_b0.5_significant_ECs_0.9_6_hMIN.pdb,22,10.600000000000001,4,0.0,0.22553191489361704,66,8,21,8,34,8,6,8,7,8,17,1.608,0.105,0.18100000000000002,0.105,04ed0b4ea3954fd080fb54c4f1b06ae6/P40337_b0.5/compare/aux/P40337_b0.5_remapped_5nw1_L_120.pdb,143,135,131,131
04ed0b4ea3954fd080fb54c4f1b06ae6/P40337_b0.5/fold/P40337_b0.5_89_3_hMIN.pdb,22,1.4,14,2.6,0.0851063829787234,8,1,18,2,28,2,0,36,0,35,18,2.347,0.1,0.18,0.1,04ed0b4ea3954fd080fb54c4f1b06ae6/P40337_b0.5/compare/aux/P40337_b0.5_remapped_5nw1_L_120.pdb,143,135,131,131
04ed0b4ea3954fd080fb54c4f1b06ae6/P40337_b0.5/fold/P40337_b0.5_75_7_hMIN.pdb,22,5.4,17,5.0,0.22127659574468087,60,11,10,16,22,9,3,15,3,15,20,2.545,0.106,0.179,0.106,04ed0b4ea3954fd080fb54c4f1b06ae6/P40337_b0.5/compare/aux/P40337_b0.5_remapped_5nw1_L_120.pdb,143,135,131,131
04ed0b4ea3954fd080fb54c4f1b06ae6/P40337_b0.5/fold/P40337_b0.5_131_8_hMIN.pdb,22,4.4,19,7.0,0.24255319148936172,63,22,15,26,8,22,2,29,2,29,15,2.404,0.081,0.179,0.081,04ed0b4ea3954fd080fb54c4f1b06ae6/P40337_b0.5/compare/aux/P40337_b0.5_remapped_5nw1_L_120.pdb,143,135,131,131
04ed0b4ea3954fd080fb54c4f1b06ae6/P40337_b0.5/fold/P40337_b0.5_138_7_hMIN.pdb,22,1.4,13,5.0,0.13617021276595745,56,54,8,65,10,11,1,57,1,50,17,2.469,0.091,0.179,0.091,04ed0b4ea3954fd080fb54c4f1b06ae6/P40337_b0.5/compare/aux/P40337_b0.5_remapped_5nw1_L_120.pdb,143,135,131,131
04ed0b4ea3954fd080fb54c4f1b06ae6/P40337_b0.5/fold/P40337_b0.5_159_2_hMIN.pdb,22,6.0,13,2.6,0.1829787234042553,37,1,8,65,13,10,0,36,0,35,16,2.327,0.08900000000000001,0.17800000000000002,0.08900000000000001,04ed0b4ea3954fd080fb54c4f1b06ae6/P40337_b0.5/compare/aux/P40337_b0.5_remapped_5nw1_L_120.pdb,143,135,131,131
04ed0b4ea3954fd080fb54c4f1b06ae6/P40337_b0.5/fold/P40337_b0.5_166_4_hMIN.pdb,22,4.8,13,2.0,0.14468085106382977,30,1,12,6,26,4,8,5,8,7,16,2.678,0.08199999999999999,0.177,0.08199999999999999,04ed0b4ea3954fd080fb54c4f1b06ae6/P40337_b0.5/compare/aux/P40337_b0.5_remapped_5nw1_L_120.pdb,143,135,131,131
04ed0b4ea3954fd080fb54c4f1b06ae6/P40337_b0.5/fold/P40337_b0.5_significant_ECs_0.9_2_hMIN.pdb,22,11.200000000000001,2,0.6,0.25106382978723407,66,8,21,8,34,8,6,8,7,8,18,1.714,0.111,0.177,0.111,04ed0b4ea3954fd080fb54c4f1b06ae6/P40337_b0.5/compare/aux/P40337_b0.5_remapped_5nw1_L_120.pdb,143,135,131,131
04ed0b4ea3954fd080fb54c4f1b06ae6/P40337_b0.5/fold/P40337_b0.5_96_9_hMIN.pdb,22,7.4,15,0.0,0.1574468085106383,27,1,13,9,11,7,7,7,5,13,16,2.336,0.08800000000000001,0.17600000000000002,0.08800000000000001,04ed0b4ea3954fd080fb54c4f1b06ae6/P40337_b0.5/compare/aux/P40337_b0.5_remapped_5nw1_L_120.pdb,143,135,131,131
04ed0b4ea3954fd080fb54c4f1b06ae6/P40337_b0.5/fold/P40337_b0.5_75_9_hMIN.pdb,22,5.8,17,3.8,0.20425531914893616,60,11,10,16,22,9,3,15,3,15,19,2.8710000000000004,0.094,0.17600000000000002,0.094,04ed0b4ea3954fd080fb54c4f1b06ae6/P40337_b0.5/compare/aux/P40337_b0.5_remapped_5nw1_L_120.pdb,143,135,131,131
04ed0b4ea3954fd080fb54c4f1b06ae6/P40337_b0.5/fold/P40337_b0.5_173_8_hMIN.pdb,22,5.8,15,5.2,0.23404255319148937,26,1,17,4,18,4,0,36,0,35,18,2.654,0.09300000000000001,0.17600000000000002,0.09300000000000001,04ed0b4ea3954fd080fb54c4f1b06ae6/P40337_b0.5/compare/aux/P40337_b0.5_remapped_5nw1_L_120.pdb,143,135,131,131
04ed0b4ea3954fd080fb54c4f1b06ae6/P40337_b0.5/fold/P40337_b0.5_159_7_hMIN.pdb,22,6.199999999999999,16,5.6,0.251063829787234,44,1,8,65,17,7,0,36,0,35,16,2.497,0.086,0.17600000000000002,0.086,04ed0b4ea3954fd080fb54c4f1b06ae6/P40337_b0.5/compare/aux/P40337_b0.5_remapped_5nw1_L_120.pdb,143,135,131,131
04ed0b4ea3954fd080fb54c4f1b06ae6/P40337_b0.5/fold/P40337_b0.5_68_2_hMIN.pdb,22,5.6,15,7.0,0.2680851063829787,60,11,10,16,33,5,3,15,3,15,21,2.858,0.105,0.175,0.105,04ed0b4ea3954fd080fb54c4f1b06ae6/P40337_b0.5/compare/aux/P40337_b0.5_remapped_5nw1_L_120.pdb,143,135,131,131
04ed0b4ea3954fd080fb54c4f1b06ae6/P40337_b0.5/fold/P40337_b0.5_110_8_hMIN.pdb,22,4.0,20,6.6,0.225531914893617,56,54,8,65,10,11,1,57,1,50,17,2.302,0.094,0.175,0.094,04ed0b4ea3954fd080fb54c4f1b06ae6/P40337_b0.5/compare/aux/P40337_b0.5_remapped_5nw1_L_120.pdb,143,135,131,131
04ed0b4ea3954fd080fb54c4f1b06ae6/P40337_b0.5/fold/P40337_b0.5_173_6_hMIN.pdb,22,3.9999999999999996,14,3.6,0.16170212765957445,18,1,17,4,18,4,8,5,8,7,16,2.792,0.08,0.174,0.08,04ed0b4ea3954fd080fb54c4f1b06ae6/P40337_b0.5/compare/aux/P40337_b0.5_remapped_5nw1_L_120.pdb,143,135,131,131
04ed0b4ea3954fd080fb54c4f1b06ae6/P40337_b0.5/fold/P40337_b0.5_82_1_hMIN.pdb,22,2.8,22,6.6,0.19999999999999998,16,1,10,16,30,2,3,15,3,15,15,2.5,0.08,0.174,0.08,04ed0b4ea3954fd080fb54c4f1b06ae6/P40337_b0.5/compare/aux/P40337_b0.5_remapped_5nw1_L_120.pdb,143,135,131,131
04ed0b4ea3954fd080fb54c4f1b06ae6/P40337_b0.5/fold/P40337_b0.5_significant_ECs_0.9_4_hMIN.pdb,22,7.8,2,0.0,0.16595744680851063,66,8,21,8,34,8,6,8,7,8,17,1.534,0.107,0.174,0.107,04ed0b4ea3954fd080fb54c4f1b06ae6/P40337_b0.5/compare/aux/P40337_b0.5_remapped_5nw1_L_120.pdb,143,135,131,131
04ed0b4ea3954fd080fb54c4f1b06ae6/P40337_b0.5/fold/P40337_b0.5_138_2_hMIN.pdb,22,5.4,10,1.0,0.13617021276595745,56,54,8,65,10,11,1,57,1,50,17,2.677,0.087,0.174,0.087,04ed0b4ea3954fd080fb54c4f1b06ae6/P40337_b0.5/compare/aux/P40337_b0.5_remapped_5nw1_L_120.pdb,143,135,131,131
04ed0b4ea3954fd080fb54c4f1b06ae6/P40337_b0.5/fold/P40337_b0.5_89_7_hMIN.pdb,22,5.2,18,6.799999999999999,0.2553191489361702,9,1,18,2,28,2,0,36,0,35,18,2.661,0.09300000000000001,0.174,0.09300000000000001,04ed0b4ea3954fd080fb54c4f1b06ae6/P40337_b0.5/compare/aux/P40337_b0.5_remapped_5nw1_L_120.pdb,143,135,131,131
04ed0b4ea3954fd080fb54c4f1b06ae6/P40337_b0.5/fold/P40337_b0.5_103_4_hMIN.pdb,22,5.0,21,2.6,0.16170212765957445,65,4,13,9,19,7,7,7,0,35,17,2.503,0.091,0.17300000000000001,0.091,04ed0b4ea3954fd080fb54c4f1b06ae6/P40337_b0.5/compare/aux/P40337_b0.5_remapped_5nw1_L_120.pdb,143,135,131,131
04ed0b4ea3954fd080fb54c4f1b06ae6/P40337_b0.5/fold/P40337_b0.5_124_8_hMIN.pdb,22,5.4,19,2.6,0.1702127659574468,56,54,8,65,13,10,1,57,1,50,17,2.5540000000000003,0.091,0.17300000000000001,0.091,04ed0b4ea3954fd080fb54c4f1b06ae6/P40337_b0.5/compare/aux/P40337_b0.5_remapped_5nw1_L_120.pdb,143,135,131,131
04ed0b4ea3954fd080fb54c4f1b06ae6/P40337_b0.5/fold/P40337_b0.5_152_9_hMIN.pdb,22,3.5999999999999996,16,7.6,0.23829787234042552,49,1,8,65,17,7,0,36,0,35,16,2.372,0.087,0.172,0.087,04ed0b4ea3954fd080fb54c4f1b06ae6/P40337_b0.5/compare/aux/P40337_b0.5_remapped_5nw1_L_120.pdb,143,135,131,131
04ed0b4ea3954fd080fb54c4f1b06ae6/P40337_b0.5/fold/P40337_b0.5_173_7_hMIN.pdb,22,3.9999999999999996,12,3.0,0.14893617021276595,56,54,8,65,16,11,1,57,1,50,19,2.3409999999999997,0.105,0.172,0.105,04ed0b4ea3954fd080fb54c4f1b06ae6/P40337_b0.5/compare/aux/P40337_b0.5_remapped_5nw1_L_120.pdb,143,135,131,131
04ed0b4ea3954fd080fb54c4f1b06ae6/P40337_b0.5/fold/P40337_b0.5_152_6_hMIN.pdb,22,3.6,13,4.0,0.16170212765957445,43,1,8,65,20,8,1,57,1,50,16,2.4290000000000003,0.087,0.172,0.087,04ed0b4ea3954fd080fb54c4f1b06ae6/P40337_b0.5/compare/aux/P40337_b0.5_remapped_5nw1_L_120.pdb,143,135,131,131
04ed0b4ea3954fd080fb54c4f1b06ae6/P40337_b0.5/fold/P40337_b0.5_103_7_hMIN.pdb,22,8.0,25,0.4,0.17872340425531916,56,54,8,65,11,7,1,57,5,13,23,2.7110000000000003,0.11699999999999999,0.17,0.11699999999999999,04ed0b4ea3954fd080fb54c4f1b06ae6/P40337_b0.5/compare/aux/P40337_b0.5_remapped_5nw1_L_120.pdb,143,135,131,131
04ed0b4ea3954fd080fb54c4f1b06ae6/P40337_b0.5/fold/P40337_b0.5_89_2_hMIN.pdb,22,5.4,18,7.4,0.2723404255319149,52,1,11,3,14,3,0,36,0,35,18,2.5780000000000003,0.096,0.17,0.096,04ed0b4ea3954fd080fb54c4f1b06ae6/P40337_b0.5/compare/aux/P40337_b0.5_remapped_5nw1_L_120.pdb,143,135,131,131
04ed0b4ea3954fd080fb54c4f1b06ae6/P40337_b0.5/fold/P40337_b0.5_117_9_hMIN.pdb,22,8.0,15,7.4,0.32765957446808514,56,54,8,65,25,11,1,57,1,50,22,2.194,0.125,0.17,0.125,04ed0b4ea3954fd080fb54c4f1b06ae6/P40337_b0.5/compare/aux/P40337_b0.5_remapped_5nw1_L_120.pdb,143,135,131,131
04ed0b4ea3954fd080fb54c4f1b06ae6/P40337_b0.5/fold/P40337_b0.5_68_9_hMIN.pdb,22,5.800000000000001,18,4.6000000000000005,0.2212765957446809,60,11,10,16,33,5,3,15,3,15,18,2.425,0.098,0.16899999999999998,0.098,04ed0b4ea3954fd080fb54c4f1b06ae6/P40337_b0.5/compare/aux/P40337_b0.5_remapped_5nw1_L_120.pdb,143,135,131,131
04ed0b4ea3954fd080fb54c4f1b06ae6/P40337_b0.5/fold/P40337_b0.5_82_4_hMIN.pdb,22,7.199999999999999,19,10.0,0.3659574468085106,47,1,10,16,22,9,3,15,3,15,17,2.329,0.094,0.16899999999999998,0.094,04ed0b4ea3954fd080fb54c4f1b06ae6/P40337_b0.5/compare/aux/P40337_b0.5_remapped_5nw1_L_120.pdb,143,135,131,131
04ed0b4ea3954fd080fb54c4f1b06ae6/P40337_b0.5/fold/P40337_b0.5_145_6_hMIN.pdb,22,2.4000000000000004,15,2.0,0.09361702127659575,56,54,8,65,20,8,1,57,1,50,18,2.597,0.095,0.16699999999999998,0.095,04ed0b4ea3954fd080fb54c4f1b06ae6/P40337_b0.5/compare/aux/P40337_b0.5_remapped_5nw1_L_120.pdb,143,135,131,131
04ed0b4ea3954fd080fb54c4f1b06ae6/P40337_b0.5/fold/P40337_b0.5_124_5_hMIN.pdb,22,7.4,10,4.3999999999999995,0.25106382978723407,63,22,15,26,8,22,2,29,2,29,16,2.886,0.078,0.166,0.078,04ed0b4ea3954fd080fb54c4f1b06ae6/P40337_b0.5/compare/aux/P40337_b0.5_remapped_5nw1_L_120.pdb,143,135,131,131
04ed0b4ea3954fd080fb54c4f1b06ae6/P40337_b0.5/fold/P40337_b0.5_124_10_hMIN.pdb,22,5.0,16,6.4,0.24255319148936172,63,22,15,26,8,22,2,29,2,29,19,2.615,0.1,0.166,0.1,04ed0b4ea3954fd080fb54c4f1b06ae6/P40337_b0.5/compare/aux/P40337_b0.5_remapped_5nw1_L_120.pdb,143,135,131,131
04ed0b4ea3954fd080fb54c4f1b06ae6/P40337_b0.5/fold/P40337_b0.5_82_10_hMIN.pdb,22,8.4,10,2.6,0.23404255319148937,36,1,16,14,21,9,4,13,4,13,17,2.7569999999999997,0.086,0.16399999999999998,0.086,04ed0b4ea3954fd080fb54c4f1b06ae6/P40337_b0.5/compare/aux/P40337_b0.5_remapped_5nw1_L_120.pdb,143,135,131,131
04ed0b4ea3954fd080fb54c4f1b06ae6/P40337_b0.5/fold/P40337_b0.5_131_7_hMIN.pdb,22,8.0,20,2.8000000000000003,0.22978723404255322,63,22,15,26,8,22,2,29,2,29,14,2.647,0.07200000000000001,0.16399999999999998,0.07200000000000001,04ed0b4ea3954fd080fb54c4f1b06ae6/P40337_b0.5/compare/aux/P40337_b0.5_remapped_5nw1_L_120.pdb,143,135,131,131
04ed0b4ea3954fd080fb54c4f1b06ae6/P40337_b0.5/fold/P40337_b0.5_117_2_hMIN.pdb,22,6.800000000000001,13,0.0,0.1446808510638298,56,54,8,65,25,11,1,57,1,50,17,2.7710000000000004,0.086,0.16399999999999998,0.086,04ed0b4ea3954fd080fb54c4f1b06ae6/P40337_b0.5/compare/aux/P40337_b0.5_remapped_5nw1_L_120.pdb,143,135,131,131
04ed0b4ea3954fd080fb54c4f1b06ae6/P40337_b0.5/fold/P40337_b0.5_159_4_hMIN.pdb,22,3.4,12,3.2,0.1404255319148936,53,1,12,6,26,4,0,36,0,35,17,2.6839999999999997,0.087,0.16399999999999998,0.087,04ed0b4ea3954fd080fb54c4f1b06ae6/P40337_b0.5/compare/aux/P40337_b0.5_remapped_5nw1_L_120.pdb,143,135,131,131
04ed0b4ea3954fd080fb54c4f1b06ae6/P40337_b0.5/fold/P40337_b0.5_103_5_hMIN.pdb,22,5.6000000000000005,23,5.0,0.22553191489361704,63,22,15,26,8,22,2,29,2,29,17,2.344,0.09300000000000001,0.16399999999999998,0.09300000000000001,04ed0b4ea3954fd080fb54c4f1b06ae6/P40337_b0.5/compare/aux/P40337_b0.5_remapped_5nw1_L_120.pdb,143,135,131,131
04ed0b4ea3954fd080fb54c4f1b06ae6/P40337_b0.5/fold/P40337_b0.5_145_8_hMIN.pdb,22,5.2,15,5.3999999999999995,0.225531914893617,19,1,8,65,17,7,1,57,8,7,15,2.6069999999999998,0.079,0.16399999999999998,0.079,04ed0b4ea3954fd080fb54c4f1b06ae6/P40337_b0.5/compare/aux/P40337_b0.5_remapped_5nw1_L_120.pdb,143,135,131,131
04ed0b4ea3954fd080fb54c4f1b06ae6/P40337_b0.5/fold/P40337_b0.5_124_7_hMIN.pdb,22,5.2,13,6.6000000000000005,0.25106382978723407,63,22,15,26,8,22,2,29,2,29,15,2.29,0.083,0.163,0.083,04ed0b4ea3954fd080fb54c4f1b06ae6/P40337_b0.5/compare/aux/P40337_b0.5_remapped_5nw1_L_120.pdb,143,135,131,131
04ed0b4ea3954fd080fb54c4f1b06ae6/P40337_b0.5/fold/P40337_b0.5_131_1_hMIN.pdb,22,8.2,16,7.4,0.33191489361702126,56,54,8,65,13,10,1,57,1,50,22,2.339,0.122,0.163,0.122,04ed0b4ea3954fd080fb54c4f1b06ae6/P40337_b0.5/compare/aux/P40337_b0.5_remapped_5nw1_L_120.pdb,143,135,131,131
04ed0b4ea3954fd080fb54c4f1b06ae6/P40337_b0.5/fold/P40337_b0.5_75_5_hMIN.pdb,22,9.8,13,0.8,0.22553191489361704,60,11,10,16,22,9,3,15,3,15,17,2.344,0.094,0.162,0.094,04ed0b4ea3954fd080fb54c4f1b06ae6/P40337_b0.5/compare/aux/P40337_b0.5_remapped_5nw1_L_120.pdb,143,135,131,131
04ed0b4ea3954fd080fb54c4f1b06ae6/P40337_b0.5/fold/P40337_b0.5_68_5_hMIN.pdb,22,5.8,9,2.8,0.1829787234042553,60,11,10,16,33,5,3,15,3,15,16,2.319,0.08800000000000001,0.16,0.08800000000000001,04ed0b4ea3954fd080fb54c4f1b06ae6/P40337_b0.5/compare/aux/P40337_b0.5_remapped_5nw1_L_120.pdb,143,135,131,131
04ed0b4ea3954fd080fb54c4f1b06ae6/P40337_b0.5/fold/P40337_b0.5_173_9_hMIN.pdb,22,4.2,13,2.6,0.1446808510638298,56,54,8,65,16,11,1,57,1,50,21,2.588,0.11,0.158,0.11,04ed0b4ea3954fd080fb54c4f1b06ae6/P40337_b0.5/compare/aux/P40337_b0.5_remapped_5nw1_L_120.pdb,143,135,131,131
04ed0b4ea3954fd080fb54c4f1b06ae6/P40337_b0.5/fold/P40337_b0.5_152_8_hMIN.pdb,22,2.6,15,0.0,0.055319148936170216,24,1,8,65,17,7,8,5,8,7,16,2.702,0.08199999999999999,0.157,0.08199999999999999,04ed0b4ea3954fd080fb54c4f1b06ae6/P40337_b0.5/compare/aux/P40337_b0.5_remapped_5nw1_L_120.pdb,143,135,131,131
04ed0b4ea3954fd080fb54c4f1b06ae6/P40337_b0.5/fold/P40337_b0.5_131_9_hMIN.pdb,22,8.2,14,1.0,0.1957446808510638,56,54,8,65,13,10,1,57,1,50,20,2.4459999999999997,0.10800000000000001,0.156,0.10800000000000001,04ed0b4ea3954fd080fb54c4f1b06ae6/P40337_b0.5/compare/aux/P40337_b0.5_remapped_5nw1_L_120.pdb,143,135,131,131
04ed0b4ea3954fd080fb54c4f1b06ae6/P40337_b0.5/fold/P40337_b0.5_166_8_hMIN.pdb,22,5.0,10,1.6,0.1404255319148936,17,1,17,4,18,4,8,5,8,7,19,2.5869999999999997,0.1,0.155,0.1,04ed0b4ea3954fd080fb54c4f1b06ae6/P40337_b0.5/compare/aux/P40337_b0.5_remapped_5nw1_L_120.pdb,143,135,131,131
04ed0b4ea3954fd080fb54c4f1b06ae6/P40337_b0.5/fold/P40337_b0.5_152_4_hMIN.pdb,22,6.000000000000001,13,8.4,0.3063829787234043,55,1,8,65,16,11,1,57,1,50,15,2.4530000000000003,0.08,0.155,0.08,04ed0b4ea3954fd080fb54c4f1b06ae6/P40337_b0.5/compare/aux/P40337_b0.5_remapped_5nw1_L_120.pdb,143,135,131,131
04ed0b4ea3954fd080fb54c4f1b06ae6/P40337_b0.5/fold/P40337_b0.5_103_9_hMIN.pdb,22,4.800000000000001,14,1.0,0.12340425531914895,65,4,13,9,19,7,0,36,5,13,18,2.54,0.095,0.154,0.095,04ed0b4ea3954fd080fb54c4f1b06ae6/P40337_b0.5/compare/aux/P40337_b0.5_remapped_5nw1_L_120.pdb,143,135,131,131
04ed0b4ea3954fd080fb54c4f1b06ae6/P40337_b0.5/fold/P40337_b0.5_89_9_hMIN.pdb,22,3.8,11,5.4,0.1957446808510638,2,1,4,1,5,1,0,36,0,35,15,2.7319999999999998,0.077,0.154,0.077,04ed0b4ea3954fd080fb54c4f1b06ae6/P40337_b0.5/compare/aux/P40337_b0.5_remapped_5nw1_L_120.pdb,143,135,131,131
04ed0b4ea3954fd080fb54c4f1b06ae6/P40337_b0.5/fold/P40337_b0.5_145_3_hMIN.pdb,22,6.199999999999999,8,0.0,0.13191489361702127,12,1,5,1,4,1,2,29,2,29,15,2.394,0.081,0.153,0.081,04ed0b4ea3954fd080fb54c4f1b06ae6/P40337_b0.5/compare/aux/P40337_b0.5_remapped_5nw1_L_120.pdb,143,135,131,131
04ed0b4ea3954fd080fb54c4f1b06ae6/P40337_b0.5/fold/P40337_b0.5_166_10_hMIN.pdb,22,4.6000000000000005,17,4.6000000000000005,0.19574468085106386,56,54,8,65,16,11,1,57,1,50,19,2.399,0.10300000000000001,0.153,0.10300000000000001,04ed0b4ea3954fd080fb54c4f1b06ae6/P40337_b0.5/compare/aux/P40337_b0.5_remapped_5nw1_L_120.pdb,143,135,131,131
04ed0b4ea3954fd080fb54c4f1b06ae6/P40337_b0.5/fold/P40337_b0.5_117_10_hMIN.pdb,22,7.6,22,6.0,0.28936170212765955,56,54,8,65,19,7,1,57,1,50,20,2.421,0.107,0.152,0.107,04ed0b4ea3954fd080fb54c4f1b06ae6/P40337_b0.5/compare/aux/P40337_b0.5_remapped_5nw1_L_120.pdb,143,135,131,131
04ed0b4ea3954fd080fb54c4f1b06ae6/P40337_b0.5/fold/P40337_b0.5_138_4_hMIN.pdb,22,6.0,18,11.4,0.3702127659574468,56,54,8,65,20,8,1,57,1,50,19,2.324,0.105,0.151,0.105,04ed0b4ea3954fd080fb54c4f1b06ae6/P40337_b0.5/compare/aux/P40337_b0.5_remapped_5nw1_L_120.pdb,143,135,131,131
04ed0b4ea3954fd080fb54c4f1b06ae6/P40337_b0.5/fold/P40337_b0.5_166_6_hMIN.pdb,22,3.2,21,6.4,0.2042553191489362,56,54,8,65,16,11,1,57,8,7,20,2.6039999999999996,0.10400000000000001,0.151,0.10400000000000001,04ed0b4ea3954fd080fb54c4f1b06ae6/P40337_b0.5/compare/aux/P40337_b0.5_remapped_5nw1_L_120.pdb,143,135,131,131
04ed0b4ea3954fd080fb54c4f1b06ae6/P40337_b0.5/fold/P40337_b0.5_173_3_hMIN.pdb,22,3.6,17,10.6,0.3021276595744681,42,1,6,3,9,3,2,29,2,29,14,2.226,0.079,0.15,0.079,04ed0b4ea3954fd080fb54c4f1b06ae6/P40337_b0.5/compare/aux/P40337_b0.5_remapped_5nw1_L_120.pdb,143,135,131,131
04ed0b4ea3954fd080fb54c4f1b06ae6/P40337_b0.5/fold/P40337_b0.5_152_1_hMIN.pdb,22,10.2,19,6.4,0.35319148936170214,56,54,8,65,16,11,1,57,1,50,20,2.5810000000000004,0.106,0.15,0.106,04ed0b4ea3954fd080fb54c4f1b06ae6/P40337_b0.5/compare/aux/P40337_b0.5_remapped_5nw1_L_120.pdb,143,135,131,131
04ed0b4ea3954fd080fb54c4f1b06ae6/P40337_b0.5/fold/P40337_b0.5_124_2_hMIN.pdb,22,4.6,21,2.0,0.1404255319148936,56,54,8,65,10,11,1,57,1,50,19,2.614,0.099,0.149,0.099,04ed0b4ea3954fd080fb54c4f1b06ae6/P40337_b0.5/compare/aux/P40337_b0.5_remapped_5nw1_L_120.pdb,143,135,131,131
04ed0b4ea3954fd080fb54c4f1b06ae6/P40337_b0.5/fold/P40337_b0.5_110_1_hMIN.pdb,22,5.600000000000001,12,2.8,0.17872340425531918,56,54,8,65,25,11,1,57,1,50,21,2.4019999999999997,0.113,0.149,0.113,04ed0b4ea3954fd080fb54c4f1b06ae6/P40337_b0.5/compare/aux/P40337_b0.5_remapped_5nw1_L_120.pdb,143,135,131,131
04ed0b4ea3954fd080fb54c4f1b06ae6/P40337_b0.5/fold/P40337_b0.5_152_3_hMIN.pdb,22,8.2,14,4.0,0.25957446808510637,48,1,8,65,17,7,1,57,1,50,19,2.6439999999999997,0.098,0.14800000000000002,0.098,04ed0b4ea3954fd080fb54c4f1b06ae6/P40337_b0.5/compare/aux/P40337_b0.5_remapped_5nw1_L_120.pdb,143,135,131,131
04ed0b4ea3954fd080fb54c4f1b06ae6/P40337_b0.5/fold/P40337_b0.5_131_10_hMIN.pdb,22,2.8,19,7.0,0.20851063829787236,56,54,8,65,13,10,1,57,5,13,15,2.217,0.084,0.146,0.084,04ed0b4ea3954fd080fb54c4f1b06ae6/P40337_b0.5/compare/aux/P40337_b0.5_remapped_5nw1_L_120.pdb,143,135,131,131
04ed0b4ea3954fd080fb54c4f1b06ae6/P40337_b0.5/fold/P40337_b0.5_117_5_hMIN.pdb,22,4.4,19,3.4,0.16595744680851066,56,54,8,65,25,11,1,57,1,50,18,2.609,0.094,0.145,0.094,04ed0b4ea3954fd080fb54c4f1b06ae6/P40337_b0.5/compare/aux/P40337_b0.5_remapped_5nw1_L_120.pdb,143,135,131,131
04ed0b4ea3954fd080fb54c4f1b06ae6/P40337_b0.5/fold/P40337_b0.5_110_7_hMIN.pdb,22,5.4,18,4.2,0.2042553191489362,56,54,8,65,25,11,1,57,1,50,19,2.498,0.102,0.14400000000000002,0.102,04ed0b4ea3954fd080fb54c4f1b06ae6/P40337_b0.5/compare/aux/P40337_b0.5_remapped_5nw1_L_120.pdb,143,135,131,131
04ed0b4ea3954fd080fb54c4f1b06ae6/P40337_b0.5/fold/P40337_b0.5_138_9_hMIN.pdb,22,5.6,14,5.4,0.23404255319148937,56,54,8,65,20,8,1,57,1,50,18,2.38,0.098,0.14400000000000002,0.098,04ed0b4ea3954fd080fb54c4f1b06ae6/P40337_b0.5/compare/aux/P40337_b0.5_remapped_5nw1_L_120.pdb,143,135,131,131
04ed0b4ea3954fd080fb54c4f1b06ae6/P40337_b0.5/fold/P40337_b0.5_significant_ECs_0.99_8_hMIN.pdb,22,10.200000000000001,1,0.0,0.21702127659574472,59,10,19,10,29,10,5,10,6,10,16,2.509,0.085,0.142,0.085,04ed0b4ea3954fd080fb54c4f1b06ae6/P40337_b0.5/compare/aux/P40337_b0.5_remapped_5nw1_L_120.pdb,143,135,131,131
04ed0b4ea3954fd080fb54c4f1b06ae6/P40337_b0.5/fold/P40337_b0.5_110_9_hMIN.pdb,22,8.0,16,5.800000000000001,0.2936170212765958,56,54,8,65,25,11,0,36,5,13,17,2.092,0.098,0.142,0.098,04ed0b4ea3954fd080fb54c4f1b06ae6/P40337_b0.5/compare/aux/P40337_b0.5_remapped_5nw1_L_120.pdb,143,135,131,131
04ed0b4ea3954fd080fb54c4f1b06ae6/P40337_b0.5/fold/P40337_b0.5_152_10_hMIN.pdb,22,2.6,16,8.6,0.23829787234042552,38,1,8,65,20,8,0,36,0,35,17,2.379,0.09300000000000001,0.141,0.09300000000000001,04ed0b4ea3954fd080fb54c4f1b06ae6/P40337_b0.5/compare/aux/P40337_b0.5_remapped_5nw1_L_120.pdb,143,135,131,131
04ed0b4ea3954fd080fb54c4f1b06ae6/P40337_b0.5/fold/P40337_b0.5_138_6_hMIN.pdb,22,8.399999999999999,11,3.2,0.24680851063829784,56,54,8,65,10,11,1,57,1,50,17,2.4219999999999997,0.092,0.141,0.092,04ed0b4ea3954fd080fb54c4f1b06ae6/P40337_b0.5/compare/aux/P40337_b0.5_remapped_5nw1_L_120.pdb,143,135,131,131
04ed0b4ea3954fd080fb54c4f1b06ae6/P40337_b0.5/fold/P40337_b0.5_117_4_hMIN.pdb,22,4.200000000000001,18,5.6000000000000005,0.20851063829787236,56,54,8,65,25,11,1,57,1,50,17,2.092,0.098,0.14,0.098,04ed0b4ea3954fd080fb54c4f1b06ae6/P40337_b0.5/compare/aux/P40337_b0.5_remapped_5nw1_L_120.pdb,143,135,131,131
04ed0b4ea3954fd080fb54c4f1b06ae6/P40337_b0.5/fold/P40337_b0.5_68_7_hMIN.pdb,22,4.4,10,1.8,0.13191489361702127,64,6,16,14,27,5,4,13,4,13,17,2.311,0.094,0.13699999999999998,0.094,04ed0b4ea3954fd080fb54c4f1b06ae6/P40337_b0.5/compare/aux/P40337_b0.5_remapped_5nw1_L_120.pdb,143,135,131,131
04ed0b4ea3954fd080fb54c4f1b06ae6/P40337_b0.5/fold/P40337_b0.5_significant_ECs_0.99_9_hMIN.pdb,22,13.399999999999999,2,0.4,0.2936170212765957,59,10,19,10,29,10,5,10,6,10,17,2.298,0.094,0.13699999999999998,0.094,04ed0b4ea3954fd080fb54c4f1b06ae6/P40337_b0.5/compare/aux/P40337_b0.5_remapped_5nw1_L_120.pdb,143,135,131,131
04ed0b4ea3954fd080fb54c4f1b06ae6/P40337_b0.5/fold/P40337_b0.5_152_2_hMIN.pdb,22,7.0,15,2.4000000000000004,0.2,56,54,8,65,17,7,1,57,1,50,17,2.863,0.085,0.13699999999999998,0.085,04ed0b4ea3954fd080fb54c4f1b06ae6/P40337_b0.5/compare/aux/P40337_b0.5_remapped_5nw1_L_120.pdb,143,135,131,131
04ed0b4ea3954fd080fb54c4f1b06ae6/P40337_b0.5/fold/P40337_b0.5_145_2_hMIN.pdb,22,5.4,19,6.0,0.24255319148936172,56,54,8,65,20,8,1,57,1,50,16,2.698,0.083,0.13699999999999998,0.083,04ed0b4ea3954fd080fb54c4f1b06ae6/P40337_b0.5/compare/aux/P40337_b0.5_remapped_5nw1_L_120.pdb,143,135,131,131
04ed0b4ea3954fd080fb54c4f1b06ae6/P40337_b0.5/fold/P40337_b0.5_110_2_hMIN.pdb,22,5.6000000000000005,17,5.4,0.23404255319148937,56,54,8,65,19,7,1,57,1,50,17,2.4459999999999997,0.091,0.136,0.091,04ed0b4ea3954fd080fb54c4f1b06ae6/P40337_b0.5/compare/aux/P40337_b0.5_remapped_5nw1_L_120.pdb,143,135,131,131
04ed0b4ea3954fd080fb54c4f1b06ae6/P40337_b0.5/fold/P40337_b0.5_124_1_hMIN.pdb,22,5.999999999999999,12,6.000000000000001,0.2553191489361702,56,54,8,65,13,10,1,57,1,50,17,2.417,0.09300000000000001,0.135,0.09300000000000001,04ed0b4ea3954fd080fb54c4f1b06ae6/P40337_b0.5/compare/aux/P40337_b0.5_remapped_5nw1_L_120.pdb,143,135,131,131
04ed0b4ea3954fd080fb54c4f1b06ae6/P40337_b0.5/fold/P40337_b0.5_significant_ECs_0.99_2_hMIN.pdb,22,11.399999999999999,1,0.0,0.24255319148936166,59,10,19,10,29,10,5,10,6,10,17,1.601,0.107,0.135,0.107,04ed0b4ea3954fd080fb54c4f1b06ae6/P40337_b0.5/compare/aux/P40337_b0.5_remapped_5nw1_L_120.pdb,143,135,131,131
04ed0b4ea3954fd080fb54c4f1b06ae6/P40337_b0.5/fold/P40337_b0.5_124_9_hMIN.pdb,22,4.8,13,2.0,0.14468085106382977,56,54,8,65,13,10,1,57,1,50,16,2.258,0.08900000000000001,0.134,0.08900000000000001,04ed0b4ea3954fd080fb54c4f1b06ae6/P40337_b0.5/compare/aux/P40337_b0.5_remapped_5nw1_L_120.pdb,143,135,131,131
04ed0b4ea3954fd080fb54c4f1b06ae6/P40337_b0.5/fold/P40337_b0.5_138_8_hMIN.pdb,22,7.4,15,3.4,0.22978723404255322,56,54,8,65,10,11,1,57,1,50,16,2.7939999999999996,0.08,0.134,0.08,04ed0b4ea3954fd080fb54c4f1b06ae6/P40337_b0.5/compare/aux/P40337_b0.5_remapped_5nw1_L_120.pdb,143,135,131,131
04ed0b4ea3954fd080fb54c4f1b06ae6/P40337_b0.5/fold/P40337_b0.5_110_6_hMIN.pdb,22,6.6000000000000005,18,8.399999999999999,0.3191489361702128,56,54,8,65,25,11,1,57,1,50,16,2.71,0.08199999999999999,0.133,0.08199999999999999,04ed0b4ea3954fd080fb54c4f1b06ae6/P40337_b0.5/compare/aux/P40337_b0.5_remapped_5nw1_L_120.pdb,143,135,131,131
04ed0b4ea3954fd080fb54c4f1b06ae6/P40337_b0.5/fold/P40337_b0.5_131_2_hMIN.pdb,22,2.6,15,3.6,0.13191489361702127,56,54,8,65,10,11,1,57,1,50,17,2.44,0.091,0.133,0.091,04ed0b4ea3954fd080fb54c4f1b06ae6/P40337_b0.5/compare/aux/P40337_b0.5_remapped_5nw1_L_120.pdb,143,135,131,131
04ed0b4ea3954fd080fb54c4f1b06ae6/P40337_b0.5/fold/P40337_b0.5_145_9_hMIN.pdb,22,5.3999999999999995,13,4.6,0.2127659574468085,56,54,8,65,20,8,1,57,1,50,16,2.612,0.084,0.132,0.084,04ed0b4ea3954fd080fb54c4f1b06ae6/P40337_b0.5/compare/aux/P40337_b0.5_remapped_5nw1_L_120.pdb,143,135,131,131
04ed0b4ea3954fd080fb54c4f1b06ae6/P40337_b0.5/fold/P40337_b0.5_significant_ECs_0.99_5_hMIN.pdb,22,13.6,1,0.2,0.2936170212765957,59,10,19,10,29,10,5,10,6,10,16,0.847,0.10800000000000001,0.131,0.10800000000000001,04ed0b4ea3954fd080fb54c4f1b06ae6/P40337_b0.5/compare/aux/P40337_b0.5_remapped_5nw1_L_120.pdb,143,135,131,131
04ed0b4ea3954fd080fb54c4f1b06ae6/P40337_b0.5/fold/P40337_b0.5_significant_ECs_0.99_7_hMIN.pdb,22,12.200000000000001,2,0.4,0.2680851063829788,59,10,19,10,29,10,5,10,6,10,16,1.251,0.105,0.129,0.105,04ed0b4ea3954fd080fb54c4f1b06ae6/P40337_b0.5/compare/aux/P40337_b0.5_remapped_5nw1_L_120.pdb,143,135,131,131
04ed0b4ea3954fd080fb54c4f1b06ae6/P40337_b0.5/fold/P40337_b0.5_significant_ECs_0.99_3_hMIN.pdb,22,12.0,5,1.6,0.28936170212765955,59,10,19,10,29,10,5,10,6,10,15,1.801,0.091,0.128,0.091,04ed0b4ea3954fd080fb54c4f1b06ae6/P40337_b0.5/compare/aux/P40337_b0.5_remapped_5nw1_L_120.pdb,143,135,131,131
04ed0b4ea3954fd080fb54c4f1b06ae6/P40337_b0.5/fold/P40337_b0.5_significant_ECs_0.99_4_hMIN.pdb,22,15.6,3,0.0,0.33191489361702126,59,10,19,10,29,10,5,10,6,10,17,2.7110000000000003,0.086,0.126,0.086,04ed0b4ea3954fd080fb54c4f1b06ae6/P40337_b0.5/compare/aux/P40337_b0.5_remapped_5nw1_L_120.pdb,143,135,131,131
04ed0b4ea3954fd080fb54c4f1b06ae6/P40337_b0.5/fold/P40337_b0.5_110_5_hMIN.pdb,22,5.8,17,0.8,0.1404255319148936,56,54,8,65,25,11,1,57,5,13,16,2.49,0.085,0.124,0.085,04ed0b4ea3954fd080fb54c4f1b06ae6/P40337_b0.5/compare/aux/P40337_b0.5_remapped_5nw1_L_120.pdb,143,135,131,131
04ed0b4ea3954fd080fb54c4f1b06ae6/P40337_b0.5/fold/P40337_b0.5_significant_ECs_0.99_10_hMIN.pdb,22,9.0,2,0.6,0.20425531914893616,59,10,19,10,29,10,5,10,6,10,15,2.248,0.083,0.124,0.083,04ed0b4ea3954fd080fb54c4f1b06ae6/P40337_b0.5/compare/aux/P40337_b0.5_remapped_5nw1_L_120.pdb,143,135,131,131
04ed0b4ea3954fd080fb54c4f1b06ae6/P40337_b0.5/fold/P40337_b0.5_significant_ECs_0.99_6_hMIN.pdb,22,11.799999999999999,0,0.0,0.251063829787234,59,10,19,10,29,10,5,10,6,10,15,0.828,0.102,0.124,0.102,04ed0b4ea3954fd080fb54c4f1b06ae6/P40337_b0.5/compare/aux/P40337_b0.5_remapped_5nw1_L_120.pdb,143,135,131,131
04ed0b4ea3954fd080fb54c4f1b06ae6/P40337_b0.5/fold/P40337_b0.5_significant_ECs_0.99_1_hMIN.pdb,22,7.200000000000001,6,1.0,0.174468085106383,59,10,19,10,29,10,5,10,6,10,14,2.1630000000000003,0.08,0.111,0.08,04ed0b4ea3954fd080fb54c4f1b06ae6/P40337_b0.5/compare/aux/P40337_b0.5_remapped_5nw1_L_120.pdb,143,135,131,131
