,alignment_id,pdb_id,pdb_chain,uniprot_ac,uniprot_id,alignment_start,alignment_end,bitscore,e_value,resseq_start,resseq_end,coord_start,coord_end,uniprot_start,uniprot_end,uniprot_id_,overlap,mapping_index,grouped_segments
0,evsp|P40337|VHL_HUMAN/1-213,1lm8,V,P40337,VHL_HUMAN,1,213,482.2,5.299999999999999e-145,7,156,60,209,60,209,VHL_HUMAN,150,0,False
118,evsp|P40337|VHL_HUMAN/1-213,5nw1,F,P40337,VHL_HUMAN,1,213,482.2,5.299999999999999e-145,11,153,62,204,62,204,VHL_HUMAN,143,118,False
110,evsp|P40337|VHL_HUMAN/1-213,5nvz,F,P40337,VHL_HUMAN,1,213,482.2,5.299999999999999e-145,11,153,62,204,62,204,VHL_HUMAN,143,110,False
111,evsp|P40337|VHL_HUMAN/1-213,5nvz,I,P40337,VHL_HUMAN,1,213,482.2,5.299999999999999e-145,11,153,62,204,62,204,VHL_HUMAN,143,111,False
112,evsp|P40337|VHL_HUMAN/1-213,5nvz,L,P40337,VHL_HUMAN,1,213,482.2,5.299999999999999e-145,11,153,62,204,62,204,VHL_HUMAN,143,112,False
113,evsp|P40337|VHL_HUMAN/1-213,5nw0,C,P40337,VHL_HUMAN,1,213,482.2,5.299999999999999e-145,11,151,62,202,62,202,VHL_HUMAN,141,113,False
114,evsp|P40337|VHL_HUMAN/1-213,5nw0,F,P40337,VHL_HUMAN,1,213,482.2,5.299999999999999e-145,11,153,62,204,62,204,VHL_HUMAN,143,114,False
115,evsp|P40337|VHL_HUMAN/1-213,5nw0,I,P40337,VHL_HUMAN,1,213,482.2,5.299999999999999e-145,11,153,62,204,62,204,VHL_HUMAN,143,115,False
116,evsp|P40337|VHL_HUMAN/1-213,5nw0,L,P40337,VHL_HUMAN,1,213,482.2,5.299999999999999e-145,11,153,62,204,62,204,VHL_HUMAN,143,116,False
117,evsp|P40337|VHL_HUMAN/1-213,5nw1,C,P40337,VHL_HUMAN,1,213,482.2,5.299999999999999e-145,11,151,62,202,62,202,VHL_HUMAN,141,117,False
119,evsp|P40337|VHL_HUMAN/1-213,5nw1,I,P40337,VHL_HUMAN,1,213,482.2,5.299999999999999e-145,11,153,62,204,62,204,VHL_HUMAN,143,119,False
108,evsp|P40337|VHL_HUMAN/1-213,5nvy,L,P40337,VHL_HUMAN,1,213,482.2,5.299999999999999e-145,11,153,62,204,62,204,VHL_HUMAN,143,108,False
120,evsp|P40337|VHL_HUMAN/1-213,5nw1,L,P40337,VHL_HUMAN,1,213,482.2,5.299999999999999e-145,11,153,62,204,62,204,VHL_HUMAN,143,120,False
121,evsp|P40337|VHL_HUMAN/1-213,5nw2,C,P40337,VHL_HUMAN,1,213,482.2,5.299999999999999e-145,11,151,62,202,62,202,VHL_HUMAN,141,121,False
122,evsp|P40337|VHL_HUMAN/1-213,5nw2,F,P40337,VHL_HUMAN,1,213,482.2,5.299999999999999e-145,11,153,62,204,62,204,VHL_HUMAN,143,122,False
123,evsp|P40337|VHL_HUMAN/1-213,5nw2,I,P40337,VHL_HUMAN,1,213,482.2,5.299999999999999e-145,11,153,62,204,62,204,VHL_HUMAN,143,123,False
124,evsp|P40337|VHL_HUMAN/1-213,5nw2,L,P40337,VHL_HUMAN,1,213,482.2,5.299999999999999e-145,11,153,62,204,62,204,VHL_HUMAN,143,124,False
125,evsp|P40337|VHL_HUMAN/1-213,5t35,D,P40337,VHL_HUMAN,1,213,482.2,5.299999999999999e-145,10,158,61,209,61,209,VHL_HUMAN,149,125,False
126,evsp|P40337|VHL_HUMAN/1-213,5t35,H,P40337,VHL_HUMAN,1,213,482.2,5.299999999999999e-145,10,156,61,207,61,207,VHL_HUMAN,147,126,False
127,evsp|P40337|VHL_HUMAN/1-213,6bvb,V,P40337,VHL_HUMAN,1,213,482.2,5.299999999999999e-145,8,158,59,209,59,209,VHL_HUMAN,151,127,False
109,evsp|P40337|VHL_HUMAN/1-213,5nvz,C,P40337,VHL_HUMAN,1,213,482.2,5.299999999999999e-145,11,152,62,203,62,203,VHL_HUMAN,142,109,False
107,evsp|P40337|VHL_HUMAN/1-213,5nvy,I,P40337,VHL_HUMAN,1,213,482.2,5.299999999999999e-145,11,153,62,204,62,204,VHL_HUMAN,143,107,False
1,evsp|P40337|VHL_HUMAN/1-213,1lqb,C,P40337,VHL_HUMAN,1,213,482.2,5.299999999999999e-145,10,159,61,210,61,210,VHL_HUMAN,150,1,False
96,evsp|P40337|VHL_HUMAN/1-213,5nvv,L,P40337,VHL_HUMAN,1,213,482.2,5.299999999999999e-145,11,153,62,204,62,204,VHL_HUMAN,143,96,False
