i,A_i,enrichment
82,R,12.139336943922672
121,D,11.905740709948718
189,E,10.232087306143702
126,D,9.675750388185522
119,F,9.548287081690965
156,Y,8.841245378385238
75,I,8.5052955667328
176,R,6.843710412610258
73,Q,6.402735978604549
108,R,5.988043496097111
130,V,5.859374662819595
100,T,5.304656583797425
138,P,5.266115131596362
85,L,5.229465355848228
163,L,5.069405962621721
153,L,4.989589283124171
164,Q,4.79869322112864
128,L,4.763594896526662
114,G,4.744682955225215
90,N,4.56937423867798
96,Q,4.461103773113013
116,L,4.372942794864151
110,H,4.346923672232484
167,R,4.336864661960531
180,I,4.041460951481763
87,V,3.9664886367228496
89,L,3.873101810719037
120,R,3.730589515080824
188,L,3.5384331757443723
136,F,3.425644945558148
91,F,3.3471072306526484
103,P,3.29217820553589
86,P,3.2911881208547094
175,Y,3.1717254401068122
118,L,3.14628907329901
81,P,2.9513070499712546
159,K,2.839838174557869
127,G,2.784544717361747
111,S,2.524055004092311
172,P,2.3493089117931576
187,D,2.2917193250150683
157,T,2.276562427516009
161,R,2.2663794106092037
106,G,2.258239259141885
135,L,2.228584860315038
68,S,2.1334933335204624
95,P,2.083042412892739
185,Y,2.0828546367728955
113,R,1.9316448453050432
84,V,1.845046820237545
67,N,1.7489458511191212
125,H,1.7439367953037463
174,N,1.736983077269174
162,C,1.6411880776455214
93,G,1.6178364001110166
109,I,1.578299751188234
105,T,1.3939570429466954
80,S,1.3110423570524607
171,K,1.304856531767059
74,V,1.2792033988524139
97,P,1.2729455685692541
99,P,1.270923973681014
170,V,1.2191958498748414
178,L,1.2191958498748414
141,N,1.1653336360969868
133,T,1.154490450640155
132,Q,1.1142324387579088
147,I,1.0655746196687235
144,G,1.0068589529530614
183,S,0.9973745313036153
179,D,0.8930097684662179
107,R,0.8206142137607672
150,N,0.7836352428791211
83,V,0.6013819547241224
63,L,0.6004760062245302
123,G,0.5724193792464495
165,V,0.5464359148650313
145,Q,0.4778934132985166
101,L,0.45957069540645784
137,V,0.4356936333670336
160,E,0.4227861456109836
149,A,0.4217484120873965
139,S,0.4038881792900824
184,L,0.39442618874095614
191,H,0.37735128771647913
112,Y,0.37668762219047275
92,D,0.349650272937534
190,D,0.2879141272435824
182,R,0.2775587526341861
124,T,0.2775587526341861
151,I,0.19774365836992958
152,T,0.18450795020318117
61,P,0.17655311317606456
70,E,0.17461803861180258
62,V,0.17338556446161107
166,V,0.12958025999241604
134,E,0.12006835064034732
71,P,0.11788628690226005
66,V,0.09990784644896696
148,F,0.09517350777175695
102,P,0.0927378681034671
72,S,0.016850665192256604
98,Y,-0.021007313414488502
79,R,-0.04692966517549611
