Mutation,dHbonds,dEnergy,Predicted_ddg
D190E,1,-0.296,-0.06
L163K,-2,-1.11,-1.43
G123T,-1,-1.737,0.61
P103D,-2,-1.305,-1.08
P103F,-1,-1.032,-0.88
Q96E,-2,-1.711,0.55
F91H,-1,-0.815,-0.11
P95F,-1,-1.055,2.09
N193Q,1,0.038,-0.14
H208F,-2,-1.504,0.12
G93V,-1,-1.058,-1.6
P97D,-1,-1.021,0.72
L163R,-1,-0.863,-1.14
R167V,2,0.853,-1.88
Q209Y,-2,-1.408,0.0
R205G,-1,-1.103,-1.06
L89R,-1,-1.091,-3.02
D187E,1,-0.503,1.26
G93K,-3,-2.049,-4.04
P99W,-1,-1.032,-0.26
P86S,-1,-1.027,0.37
V194S,-1,-1.026,-1.5
Q73W,0,-0.675,0.73
P86K,-1,-1.019,-0.19
E160H,0,-0.396,-0.54
G106V,-1,-1.012,1.02
K196D,0,-0.278,-0.73
V84P,-1,0.137,-4.8
L128M,-1,-0.949,-0.64
V165G,-1,-0.718,-0.72
E204M,-1,-1.002,-0.87
R107D,-1,-0.2,-1.46
P71L,-1,-1.032,2.33
V165W,-1,-0.657,0.26
G93M,-1,-1.193,-2.64
Q209W,-2,-1.408,0.0
V130L,-1,-1.099,-1.45
T157A,-1,-1.007,0.05
P99V,-1,-1.032,-0.59
R108D,0,-0.351,-1.27
G114W,-1,-1.185,-2.83
L89H,-1,-1.039,-1.52
R107K,-1,-0.62,-0.29
T124Y,-2,-1.606,0.08
I206L,-1,-0.823,0.37
N78E,3,1.152,-1.07
D143L,-1,-1.032,0.87
S139R,-1,-1.158,0.49
T100D,-1,-0.916,-0.1
E199W,-1,-1.083,-0.65
Y98P,0,-0.543,-1.64
Q209S,-2,-1.392,0.0
V142A,-1,-1.0,-1.16
C77L,-1,-0.932,-0.77
N67E,-1,-1.05,-0.05
P71I,-1,-1.07,2.83
T202Y,-1,-0.549,1.63
Y98K,-2,-1.247,-0.55
V165A,-1,-0.718,0.84
K171M,-1,-1.017,0.48
E134M,-1,-1.032,-0.06
G127I,-1,-0.99,-0.13
Q203G,-1,-0.935,-1.22
R60M,-1,-1.032,0.0
S80R,-2,-0.629,-1.26
E204T,-1,-1.342,-1.98
I147A,-1,-0.961,-1.49
L129M,-1,-1.12,-0.42
H115T,0,-1.191,-1.18
N141S,1,0.561,0.26
P146I,-1,-0.986,-0.57
D190L,0,-0.39,0.73
G123A,-1,-1.057,0.43
T157M,-1,-1.007,-0.2
E134G,-1,-1.032,-0.38
P192K,-1,-1.031,-1.04
V181Q,-2,-1.203,-0.5
L135E,-1,-0.972,-0.77
T124K,-1,-1.192,-0.84
V181C,-1,-0.943,-0.24
Q164M,1,0.171,0.56
G144R,-1,-1.08,-0.61
I147T,-2,-0.995,-0.8
P103L,-1,-1.071,-0.58
W88N,-2,-1.174,-1.13
V66A,-1,-1.141,-1.16
N174T,-1,-1.087,0.44
R176F,1,-0.349,-0.49
L201M,-1,-0.979,-0.72
R82F,1,0.721,0.14
Q145D,-1,-0.947,-0.55
F76C,-1,-1.089,-1.22
E189R,-1,-0.938,-0.38
R69V,-1,-1.032,0.65
R120K,1,-0.013,-1.58
R177V,-1,-0.257,-0.33
V137N,-3,-1.385,-1.24
Y156A,0,-0.36,-0.89
V87T,-1,-1.248,-2.96
F76G,-1,-1.042,-1.83
D126Y,-1,-0.748,-0.43
V165S,-2,-1.452,-0.46
E189S,-1,-1.56,-1.47
I75D,-1,-1.079,-1.82
D197Q,0,-0.676,1.15
V87D,-2,-1.26,-3.41
L135D,-1,-0.972,-1.15
K159V,0,-0.622,0.14
D92Y,-1,-1.044,-0.09
L128T,-2,-1.438,-1.98
R167K,2,0.939,-1.63
P102I,-1,-0.989,-0.57
L129Y,-2,-1.614,0.21
H125W,-1,-0.419,0.19
F136R,-1,-1.008,-1.8
H125Q,-2,-0.582,-0.27
A122K,-2,-0.929,-0.18
Q164W,1,0.155,-1.11
V142W,-1,-0.963,-0.53
L188F,-1,-0.957,-1.26
F119C,-1,-1.23,-1.22
Q132C,-1,-0.994,-0.11
E189W,0,-0.944,-0.4
L135Y,-1,-0.945,0.2
P71G,-1,-1.032,2.25
T105R,-1,-0.261,-0.07
Y175G,-1,-0.794,-2.6
R82Y,1,0.766,0.14
P86R,-2,-1.255,-0.09
N78T,3,1.145,0.02
T202C,-1,-0.573,0.96
L158I,-1,-1.051,-0.37
D179G,-1,-1.021,0.59
R120E,2,0.416,-1.92
P154A,-1,-1.127,-0.36
R176N,0,-0.405,-1.29
V166G,-1,-0.727,-0.72
P61F,-1,-1.032,0.69
L184A,-1,-1.071,0.15
P192N,-2,-1.614,-0.62
G106H,-1,-1.101,-0.21
D187M,1,-0.516,0.47
S111L,-1,-1.091,1.59
G127E,-1,-0.968,-0.7
H110L,-1,-1.063,0.38
P81G,-1,-1.032,0.27
S80H,-1,-0.538,-0.39
V66P,0,-0.182,-2.73
P95L,-1,-1.04,2.33
L178N,0,-0.782,-1.13
P95N,-2,-1.356,1.07
P103A,-1,-1.071,-0.36
P103R,-1,-1.071,-0.67
C162E,-1,-1.019,1.13
R177F,-1,-0.18,-0.49
C77Q,-1,-1.985,-0.93
K159N,0,-0.537,-1.03
R113V,-1,-0.485,0.21
R113G,-1,-0.502,0.26
R182A,-1,-0.845,0.41
H208I,-2,-1.511,-0.11
E70N,-1,-0.555,-0.32
N90A,0,1.006,-0.08
E70V,-1,-0.523,1.21
G104V,-1,-0.932,-2.29
D121W,2,0.86,-1.06
L184F,-1,-1.059,-0.63
V62D,-2,-0.961,0.27
H191D,0,-0.383,-0.47
F148D,-1,-1.082,-1.12
L101H,-1,-0.816,-0.79
F119Y,-1,-1.316,-0.59
L153P,-1,-1.032,0.58
Q145T,-1,-1.595,0.17
Y185G,0,-0.491,-2.97
G104D,-1,-0.932,-2.5
D92Q,-1,-1.086,-0.07
T202N,-2,-0.595,0.54
S72Y,0,0.136,-0.02
L158S,-1,-0.979,-1.53
N78L,3,1.227,1.07
D92K,-1,-1.086,-0.12
I206H,-1,-0.803,-0.24
D197R,0,-0.676,1.0
V87M,-1,-1.159,-2.25
L158C,-1,-1.005,-0.39
E160Q,-1,-0.744,-0.5
S111H,-1,-1.054,-0.13
D92W,-1,-1.026,0.03
Q73V,0,-0.632,1.17
P61W,-1,-1.032,0.68
V166Q,-1,-0.72,0.21
K159C,0,-0.621,-0.16
T157Q,-1,-1.005,-0.72
I180V,-1,-1.021,-0.07
G144C,-1,-1.026,-1.37
D92N,-2,-1.603,0.12
N150F,0,-0.343,0.93
R82C,2,0.745,-0.26
S111V,-1,-1.099,2.44
H191Q,0,-0.383,-0.25
E186H,0,-0.61,-1.21
E94C,-2,-0.511,0.43
E199Q,-1,-0.948,-0.4
H208C,-2,-1.456,-0.27
P86Y,-1,-1.237,1.29
G144L,-1,-0.939,-2.0
I109C,-1,-1.067,-0.38
R64G,0,0.195,-0.31
N141K,1,0.561,-0.15
C77H,-2,-1.051,-1.07
R108N,0,-0.385,-1.1
T157Y,-1,-1.007,-0.25
R200D,0,-0.599,-1.43
A149M,0,0.123,-1.38
V181P,-1,-0.941,0.6
W117D,-2,-1.145,-2.5
E189F,0,-0.92,-0.93
F136H,-1,-1.0,-1.17
T133F,-1,-1.169,0.42
N193A,1,0.067,0.09
L116P,-1,-0.773,-1.71
S183G,-1,-1.154,0.21
V165R,-1,-0.697,0.38
V62S,-1,-0.924,-0.27
V74K,-1,-1.031,-3.91
L198C,-1,-1.002,-1.28
G127A,-1,-0.968,0.02
Q96T,-2,-1.565,0.31
R107M,0,-0.037,-0.38
R108Y,0,-0.385,0.47
S183M,-1,-1.128,0.59
L118Y,-1,-0.983,-1.36
G123L,-1,-1.085,0.66
D187G,1,-0.503,-0.24
D121Q,1,0.348,-0.76
P172R,0,-0.656,1.83
G114N,-1,-1.142,-3.13
P81Q,-1,-1.032,0.48
L89A,-1,-1.033,-3.95
V83Y,-1,-1.032,-0.46
T124N,-1,-1.192,-0.52
I75G,-1,-1.065,-0.61
L101W,-1,-0.951,-1.15
S168Q,-1,-0.204,0.99
P192F,-1,-0.983,-0.88
E70T,-1,-0.516,-0.07
C77I,-1,-1.058,-0.43
G127D,-2,-1.3,-0.86
T157C,-1,-1.007,0.02
E189A,0,-0.907,-0.1
P86T,-1,-1.104,1.08
Q145M,-1,-0.899,0.4
E199S,-1,-1.234,-1.28
P192L,-1,-1.01,-0.58
H125K,-1,-0.419,-0.63
Y98T,-2,-1.197,-0.69
F136L,-1,-1.052,-2.44
Q164I,1,0.091,1.64
R107F,0,0.062,-0.08
F91K,-1,-0.845,-0.2
E134W,-1,-1.032,0.14
P71N,-1,-1.032,0.91
D121K,2,0.804,-1.29
F76W,-1,-1.042,-0.82
V74N,-2,-1.512,-2.82
H208A,-2,-1.363,-0.22
T157E,-1,-1.007,-0.67
E160I,0,-0.469,-0.28
V66C,-1,-1.016,-0.03
E70S,-2,-0.8,-0.4
P61E,-1,-1.032,0.45
Y175V,-1,-0.898,-1.26
S183C,-1,-1.213,0.49
L188I,-1,-0.855,-0.37
P81R,-1,-1.032,0.43
R69C,-1,-1.032,-0.15
E186T,0,-1.369,-1.94
S65E,-1,-0.862,-1.02
Q164S,0,-0.544,-2.4
V142K,-2,-1.788,-0.85
R200M,0,-0.706,-0.61
W117R,-1,-0.991,-0.83
P81C,-1,-1.032,0.51
R79D,0,-0.316,-0.38
A207W,0,-0.711,-0.56
Y98R,-1,-1.011,-0.46
V170D,-1,-1.008,-1.34
P192W,-1,-0.943,0.25
L153E,-2,-1.318,-0.71
H110T,-2,-1.452,-0.03
D187F,1,-0.476,0.26
P61I,-1,-1.032,0.5
G123Q,-1,-1.085,0.18
Q73K,0,-0.724,-0.19
P86Q,-2,-1.505,0.59
E94G,-2,-0.533,0.63
V74M,-1,-1.08,-1.78
E94Q,-2,-0.466,-0.1
R108G,0,-0.351,0.19
Q132V,-1,-0.994,1.05
S139T,-1,-1.158,0.23
V74W,-2,-0.891,-1.84
R177G,-1,-0.172,-1.23
R120T,1,-0.033,-1.53
K159R,0,-0.535,0.25
L135F,-1,-0.945,0.2
I75M,-1,-1.083,-0.9
S139A,-1,-1.158,0.14
R79S,0,-0.473,-0.86
W88Y,-1,-1.212,-0.02
E186S,0,-0.61,-1.77
R69M,-1,-1.032,-0.01
R205N,-1,-1.103,-1.03
R64N,-1,-0.27,-0.85
S111Q,-2,-1.62,-1.11
L116C,-1,-0.982,-0.91
V181F,-1,-0.941,-0.38
Q96N,-1,-1.154,-0.53
W88E,-2,-1.571,-0.61
D179F,-1,-1.021,0.42
K159I,0,-0.619,0.45
N174E,-1,-0.791,1.5
S168M,-1,-0.202,0.54
L198E,-1,-1.042,0.01
L163W,-1,-0.934,-1.33
K196E,0,-0.28,0.65
S80Q,-1,-0.337,-0.94
L101Y,-1,-0.547,-1.12
L63K,-1,-0.965,-1.86
N150P,0,0.691,-1.06
L169V,-1,-1.217,-0.67
D190C,0,-0.37,0.21
D143S,-1,-1.032,-0.38
L118G,-1,-1.0,-2.11
S72E,-1,-0.353,-0.69
N67H,-1,-1.046,0.57
R113C,-1,-0.56,-0.4
V170G,-1,-1.008,-0.46
H110R,-1,-1.032,0.01
T124I,-1,-1.213,-0.1
T152D,-1,-0.891,-0.53
V130S,-2,-1.164,-3.93
Y185I,0,-0.539,-0.83
P99G,-1,-1.032,-0.35
N78F,3,1.44,0.07
A149Y,0,0.078,-1.3
D121M,2,0.855,-1.15
P154N,-1,-1.127,-0.43
L163I,-1,-0.845,-0.45
E94V,-2,-0.595,1.21
G114R,-1,-1.205,-3.82
N90I,0,0.948,0.12
L89F,-1,-1.1,-0.58
E173A,0,-0.874,-0.02
P86E,-1,-1.024,0.9
T202A,-2,-0.594,2.06
L184S,-1,-1.042,-1.53
G144N,-1,-1.026,-1.38
P154C,-1,-1.166,-0.32
G106P,-1,-0.887,-2.24
V170E,-1,-1.02,-0.97
R82L,2,0.703,0.3
L89W,-1,-1.026,-1.28
F76I,-1,-1.122,0.36
E70C,-1,-0.585,0.22
G104K,-1,-0.967,-2.63
R182F,-1,-0.9,-0.49
L169S,-1,-1.776,-1.41
D190Q,1,-0.292,-0.11
L140S,-1,-1.032,-0.61
L201A,-1,-0.969,-2.63
N90V,0,0.987,0.51
E70G,-1,-0.54,0.63
E94F,-2,-0.524,0.6
P97K,-1,-1.032,1.83
L118C,-1,-0.989,-1.01
A149W,0,0.586,-1.4
F119W,-1,-1.36,-0.82
P138G,-1,-1.032,-1.48
G104P,0,-0.476,-4.29
V62H,-2,-1.624,0.38
L129T,-2,-1.71,-0.44
G127L,-1,-0.968,0.02
L198M,-1,-1.011,-0.94
R108A,0,-0.351,-0.59
L201W,-1,-0.979,-1.33
D143F,-1,-1.032,0.08
R200L,0,-0.622,0.26
L178E,-1,-0.756,-0.68
V137A,-1,-1.032,-1.16
V142T,-1,-1.022,-0.94
L201N,-2,-1.49,-1.89
I109R,-1,-0.925,-0.74
K159P,0,-0.583,-1.8
Y175L,-1,-0.858,0.4
C162A,-1,-0.976,0.89
A149D,-1,-0.97,-2.7
N90E,0,1.048,-0.42
R79E,0,-0.316,-0.17
L201G,-1,-0.963,-2.86
S68Q,-2,-1.136,-0.49
V170N,-1,-1.008,-1.24
R69D,-2,-1.479,-0.4
R120A,2,0.418,-0.75
Y112W,-2,-1.295,0.09
P192H,-1,-1.01,-0.39
Y112N,-2,-1.222,-1.47
L129F,-1,-0.922,-0.08
Y185E,0,-0.725,-1.03
E134A,-1,-1.032,0.06
L153F,-1,-1.032,-0.07
G106Y,-1,-0.821,0.52
F91E,-1,-0.768,0.04
P172A,0,-0.656,2.47
Q203S,-2,-1.81,-0.98
V66I,-1,-1.164,0.08
P61K,-1,-1.032,0.41
Y98E,-1,-1.011,-0.76
L118I,-1,-0.963,0.65
F136Y,-1,-1.06,-0.62
S65L,-1,-0.368,0.29
P146D,-1,-1.032,-1.08
Q195S,-1,-0.977,-1.21
W88F,-1,-1.168,-0.49
E186R,0,-1.082,0.21
N193R,1,0.038,0.06
R167M,2,0.986,-1.49
P95A,-1,-1.055,1.51
T105A,-1,-0.288,0.1
D121Y,2,0.739,-0.57
R161G,0,-0.292,-1.23
A149P,0,0.056,-3.9
L201Y,-2,-1.558,-1.05
I206Q,-1,-0.823,0.16
P146S,-2,-1.278,0.52
Y175Q,-2,-1.217,-0.79
P97F,-1,-1.032,2.09
L89Q,-1,-1.033,-2.45
E134H,-1,-1.032,0.78
A207F,-1,-1.03,0.28
G123H,-1,-1.085,0.37
E204R,-1,-0.979,-0.56
H208P,-1,-1.071,-0.75
V181I,-1,-1.023,0.12
V74Q,-1,-1.069,-3.42
I151Y,-1,-1.11,-1.67
R176E,1,-0.349,0.4
R113S,-1,-0.502,0.36
Q203D,-1,-0.945,-1.03
T133N,-1,-1.111,-0.09
Q132S,-1,-0.994,-0.63
E189C,0,-0.871,-0.85
R69H,-1,-1.032,0.32
S183V,-1,-1.067,0.77
L201K,-1,-0.983,-1.0
R82E,2,0.725,-0.44
R107A,0,-0.097,-0.51
F76E,-1,-1.026,-1.78
R177Y,-1,-0.133,-0.11
T133R,-2,-1.605,0.57
K196A,0,-0.341,0.72
V155P,-1,-0.928,-2.73
N141P,1,0.561,0.16
R120L,2,0.416,0.74
L163H,-2,-1.368,-0.76
L169T,-1,-1.77,-1.98
A122F,-2,-0.89,0.02
Y175K,-1,-0.863,-0.31
R177L,-1,-0.205,0.39
P81H,-1,-1.032,0.76
I147W,-2,-1.2,-0.05
D197E,0,-0.624,1.44
Q73A,0,-0.601,-0.2
S139N,-1,-1.158,-0.2
Q164L,1,0.075,2.29
A207I,-1,-1.028,0.17
L178V,-1,-0.755,-0.23
T100W,-1,-0.823,0.3
D187K,1,-0.503,0.67
E134I,-1,-1.032,-0.05
G123Y,-1,-1.073,0.24
H110K,-1,-0.999,-0.06
S139D,-1,-0.783,-0.39
G93I,-1,-1.147,-1.86
R82K,0,0.15,-0.26
D190M,0,-0.37,0.26
L201F,-1,-0.93,-1.23
E173D,0,-0.874,-1.48
W88M,-1,-1.199,-0.32
S80D,-2,-0.989,-0.64
L129W,-1,-1.025,0.34
P103M,-1,-1.071,-0.13
S72G,0,-0.376,0.13
K159W,0,-0.537,0.26
E204D,-1,-0.991,-1.37
L198A,-1,-1.042,-2.66
R79F,0,-0.316,0.24
S65M,0,-0.373,-0.66
A149N,-1,-0.923,-2.48
P103T,-2,-1.762,-0.06
R64I,0,0.148,0.58
P102E,-1,-1.202,-1.07
L140F,-1,-1.032,-0.38
V181L,-1,-1.023,0.23
G144Q,-1,-1.026,-2.01
P81F,-1,-1.032,0.69
R167A,2,0.939,-1.71
V137C,-1,-1.032,0.08
D126N,0,-0.288,-0.13
H115D,-1,-1.358,-1.35
D143C,-1,-1.032,0.17
N131C,0,0.719,0.37
V166K,-1,-0.721,0.06
R60G,-1,-1.032,0.0
V166P,1,0.106,-1.71
H125P,0,0.116,-1.37
K171T,-1,-1.017,0.2
K159T,0,-0.619,-0.24
L116S,-2,-1.132,-2.26
P71Y,-1,-1.032,2.52
P102R,-1,-1.202,-0.67
V142G,-1,-0.963,-0.46
V66N,-2,-1.734,-1.24
R60A,-1,-1.032,0.0
Q195E,-1,-0.977,0.4
S68P,1,0.118,-1.81
N141D,1,0.561,0.07
W117G,-1,-0.972,-2.1
F91C,-1,-0.855,-0.25
K171E,-1,-1.017,0.29
R182K,-1,-0.895,-0.43
L135I,-1,-1.032,0.72
N67K,-2,-1.271,-0.54
E70M,-1,-0.54,0.32
V130G,-1,-1.017,-3.18
W88L,-1,-1.088,-0.26
L128N,-1,-0.975,-2.34
L135V,-1,-0.98,0.67
T105L,-1,-0.253,0.73
G123M,-1,-1.057,0.3
I147R,-1,-0.991,-0.74
Y185L,0,-0.455,-0.5
P61A,-1,-1.032,0.67
K171Y,-1,-1.013,0.17
I151G,-1,-0.954,-2.53
V165D,-1,-0.726,-0.65
R69L,-1,-1.032,0.45
K196T,0,-0.338,-0.66
L128C,-1,-0.912,-0.53
R60E,-1,-1.032,0.0
F119P,-1,-1.248,-4.11
S139C,-1,-1.158,0.85
Q195Y,-1,-0.977,-0.22
Q209H,-2,-1.37,0.0
R64A,0,0.227,-0.5
L153R,-1,-1.032,-0.47
N131G,0,0.757,0.18
L129Q,-1,-1.076,-0.66
T133L,-1,-1.118,0.49
T105K,-1,-0.21,-0.23
K196I,0,-0.338,0.45
I75H,-1,-1.009,-0.85
Y156M,0,-0.36,-0.34
R120D,1,0.257,-2.46
P71S,-1,-1.032,1.26
V66K,-1,-1.114,-0.85
S183I,-1,-1.26,1.05
L169P,1,-0.657,-1.17
H191Y,0,-0.42,0.22
G127S,-2,-1.145,-0.45
W88I,-1,-1.188,0.06
V166L,-1,-0.725,0.68
E204H,-1,-1.002,-1.21
P138Y,-2,-1.485,-0.64
I180T,-1,-0.98,-1.09
C77Y,-1,-0.87,-1.45
L63N,-1,-0.956,-2.35
P99L,-1,-1.032,-0.58
T152F,-1,-0.888,0.07
V137Q,-1,-1.032,-1.13
T100Y,-1,-0.813,0.49
D179C,-1,-1.021,0.12
D126M,0,-0.309,-0.5
L116Q,-2,-1.021,-0.51
R79M,0,-0.418,-0.13
S72H,0,0.037,-0.02
Q164D,1,0.224,-2.53
F91S,-1,-0.874,-0.51
F76R,-1,-1.113,-1.99
W88S,-1,-0.998,-1.17
H125F,-1,-0.419,0.29
P103K,-1,-1.071,-1.04
Y175M,-1,-0.82,-0.08
F119L,-1,-1.182,-2.09
L169R,-1,-0.993,-0.29
P86I,-1,-1.058,3.67
V87I,-1,-1.203,-0.57
L89E,-1,-1.039,-2.38
L158H,-1,-1.004,-0.98
I206F,-1,-0.915,-0.3
R177A,-1,-0.147,0.41
V62C,-1,-0.994,0.14
Q96W,-1,-1.172,0.87
R108K,0,-0.385,-0.35
N150T,0,-1.108,0.83
L184V,-1,-1.074,-0.67
E199A,-1,-0.948,-0.02
V166F,-1,-0.936,-0.09
R167C,2,0.939,-2.21
H208M,-2,-1.278,-0.29
K171F,-1,-1.013,0.03
D143G,-1,-1.032,2.5
W88T,-2,-1.614,-0.42
V84I,-1,-1.079,-0.88
T202S,-3,-1.274,0.57
N78Q,3,1.267,-0.84
P138T,-2,-1.215,-0.86
N141Q,0,0.205,0.3
N150D,-1,-0.442,-0.13
T152K,-1,-0.891,-0.23
L198S,-2,-1.81,-2.47
N193F,1,0.038,0.26
I206C,-1,-0.837,-0.42
L116W,-1,-1.023,-0.69
V84Y,-1,0.118,-2.16
P61R,-1,-1.032,0.43
R176Y,1,-0.349,-0.11
H191N,-1,-0.937,-0.67
H125L,-1,-0.419,0.36
N174R,-1,-0.291,0.88
V165E,-1,-0.999,0.62
P192S,-2,-1.483,0.52
L153H,-2,-1.29,-0.35
L169W,-1,-1.052,-0.23
K159L,0,-0.537,0.89
L129R,-2,-1.322,-0.49
N131R,0,0.72,-0.37
H115K,0,-0.704,-1.03
E160M,0,-0.396,-0.75
Y156C,0,-0.36,-1.1
G127N,-1,-0.968,-1.03
Q132T,-2,-1.45,-0.35
P86V,-1,-1.093,4.34
D187Y,1,-0.506,0.67
D179Q,-1,-1.021,0.11
R200G,0,-0.646,-1.53
L153D,-1,-1.032,-0.82
N131T,-1,0.337,-0.59
L201T,-1,-1.411,-2.75
Q203N,-1,-0.945,-1.28
P103V,-1,-1.071,-0.59
L178Q,0,-0.758,-0.79
R161D,0,-0.348,-0.89
N67P,-1,-1.046,-1.02
L140G,-1,-1.032,-0.02
S65I,0,-0.549,0.32
H125D,-1,-0.419,-0.71
V84T,-2,-1.386,-2.88
R120S,2,0.416,-2.44
R69W,-1,-1.032,0.17
D197S,0,-0.628,-0.35
H110W,-1,-1.032,0.46
R120Y,1,-0.074,-0.07
L163A,-1,-0.844,-2.62
P172L,0,-0.763,2.24
L135P,-1,-0.937,-2.37
K171I,-1,-1.065,0.51
D190F,1,-0.292,0.31
T100Q,-1,-0.913,0.07
P103S,-1,-1.071,-0.63
T202W,-2,-0.58,1.11
R200S,0,-0.964,-1.41
G93Q,-3,-1.865,-2.98
V87A,-1,-1.059,-2.79
N131D,0,-0.188,-0.5
S65K,-1,-1.118,-1.88
L153T,-1,-1.032,-0.93
P99Q,-1,-1.032,-0.8
P172G,0,-0.656,0.84
P99K,-1,-1.032,-1.04
G104Q,-1,-0.932,-2.01
T133P,-1,-0.528,-1.87
V181N,-2,-1.149,-1.02
L101C,-1,-0.839,-0.44
Q96L,-1,-1.14,0.81
R108L,0,-0.351,0.31
L85T,-1,-1.618,-1.43
A122C,-2,-0.842,0.03
Y98Q,-2,-1.045,-0.74
P81S,-1,-1.032,0.1
L63M,-1,-0.956,-0.64
I109G,-1,-1.008,-0.61
Q195K,-1,-0.983,-0.44
Q73L,0,-0.675,0.72
D143W,-1,-1.032,0.16
L101D,-1,-0.845,-2.64
H191S,-1,-0.753,-0.22
E189Y,-1,-1.491,0.24
P146W,-1,-1.032,-0.26
Q203V,-1,-0.958,-0.4
V170Q,-1,-1.045,-1.01
V83L,-1,-1.047,0.23
R161A,0,-0.294,0.41
E70H,-1,-0.539,0.55
L169D,-1,-1.017,-1.22
T124E,-1,-1.192,-0.18
S183K,-1,-1.247,0.78
I206W,-1,-0.838,0.13
Y98I,-1,-0.972,0.32
P154Y,-1,-1.292,1.64
F91Y,-1,-0.218,-0.1
H191F,0,-0.383,0.07
Y156E,0,-0.36,-1.15
V84R,-1,-0.995,-3.75
H208S,-3,-1.935,-0.46
E160C,0,-0.396,-0.57
T202H,-1,-0.59,1.27
P97V,-1,-1.032,3.19
L188M,-1,-0.878,-0.99
E186N,0,-0.61,-1.82
G114V,-1,-1.236,-2.99
L140W,-2,-1.571,-0.24
Q73E,-1,-1.232,0.15
V155A,-1,-1.036,-1.16
L184Y,-1,-1.059,-0.47
L178G,0,-0.793,-0.02
V194P,-1,-0.988,-1.83
T152G,-1,-0.922,0.14
V66Y,-1,-1.118,-0.37
R176T,1,-0.349,-0.95
L85R,-1,-1.046,-1.55
R205F,-1,-1.103,-0.53
K196F,0,-0.341,-0.07
T133G,-1,-1.073,0.21
G93H,-1,-1.133,-2.28
R69N,-2,-1.707,0.54
I109T,-1,-1.263,-0.84
L153K,-1,-1.032,-0.71
E94I,-2,-0.663,1.27
S139H,-1,-1.158,0.82
P138E,-3,-1.402,-0.98
Q132G,-1,-0.994,3.12
G104C,-1,-0.967,-1.58
V166H,-1,-0.958,-0.34
L85H,-2,-1.684,-0.38
F76Q,-1,-1.026,-1.99
N131L,0,0.743,0.36
Q73N,0,-0.591,-0.64
D190V,1,-0.307,0.87
I75N,-2,-1.069,-0.99
N174K,-1,-0.291,0.53
I206R,-1,-0.86,0.14
N174H,-1,-0.296,1.13
N90M,0,1.044,-0.5
E94T,-2,-0.597,-0.07
L135W,-1,-0.945,0.05
Q203I,-1,-0.984,-0.16
H115N,-2,-1.122,-1.61
E186I,0,-0.643,-0.25
R60Q,-1,-1.032,0.0
R177D,-1,-0.205,-0.83
N150C,0,-0.373,0.76
D143N,-1,-1.032,0.87
I109Y,-1,-1.036,-0.17
T124A,-1,-1.213,-0.36
E199Y,-1,-0.948,-0.41
R200T,0,-0.702,-1.33
L63F,-1,-0.965,-0.29
K196Y,0,-0.341,0.37
I151P,0,-0.177,-4.67
N90G,0,1.075,-0.52
Q145K,-1,-0.899,0.16
V165K,-1,-0.726,0.06
R64C,0,0.189,0.07
S72F,0,0.244,0.28
C77M,-1,-0.955,-1.28
G106K,-1,-0.96,-0.47
T100S,-1,-0.92,0.07
N78M,3,1.236,-0.34
E204C,-1,-0.99,-1.18
V170A,-1,-1.008,-1.16
G114P,0,-0.433,-4.77
V137F,-1,-1.032,-0.46
N131Y,0,0.719,0.07
V155T,-2,-1.339,-0.94
T105V,-1,-0.309,0.98
Y98L,-1,-0.999,-0.2
N78W,2,0.794,-0.78
H110I,-1,-0.999,0.84
S65R,-1,-1.16,-1.81
I151T,-2,-1.373,-3.13
W117M,-1,-0.982,-0.87
I180Q,-1,-0.984,-1.1
L201D,-1,-0.969,-2.15
E173F,0,-0.908,-1.21
D143P,-1,-1.032,-1.23
Y112R,-2,-1.234,-0.41
L158T,-1,-1.055,-1.42
R161K,0,-0.348,-0.43
R200V,0,-0.726,-0.44
P146Y,-1,-1.023,-0.6
D92F,-1,-1.066,0.01
P138L,-2,-1.249,0.69
Q195H,-1,-0.977,-0.79
N131S,0,0.719,-1.22
V181R,-1,-0.91,-0.33
R60V,-1,-1.032,0.0
R200I,0,-0.702,-0.12
N150M,0,-0.387,0.92
P99D,-1,-1.032,-1.08
H191K,0,-0.383,-0.2
A149H,-1,-0.521,-1.7
L128P,0,-0.39,-4.04
D126I,0,-0.187,0.18
P154M,-1,-1.093,-0.13
P81Y,-1,-1.032,0.66
N67I,-1,-1.083,0.76
S80Y,-2,-0.321,-0.61
K171W,-1,-1.017,0.16
L89P,0,-0.327,-4.01
R182W,-1,-0.845,-0.06
P146Q,-1,-1.023,-0.35
T105Y,-1,-0.254,0.69
H110A,-1,-1.032,-0.45
V74E,-1,-0.991,-3.48
C77E,-1,-1.25,-0.84
L63A,-1,-0.965,-3.52
Q73S,0,-0.832,-0.5
T100A,-1,-0.88,0.81
S80I,-1,-0.373,0.53
R176C,1,-0.349,-0.64
L169Y,-1,-1.069,-0.47
R205E,-1,-1.077,0.57
W117S,-1,-1.407,-2.71
Y175R,-2,-1.128,-0.31
N150H,0,-0.656,1.01
T157F,-1,-1.007,-0.33
Q132N,-1,-0.994,-0.07
H208R,-2,-1.447,-0.13
I109P,-1,-0.185,-2.19
R79L,0,-0.316,0.18
E134S,-1,-1.032,-0.3
P99I,-1,-1.032,-0.57
N174A,-1,-0.295,1.49
R177E,-1,-0.18,0.4
H191P,1,-0.059,0.4
N150I,0,-0.429,1.7
L178S,0,-1.365,-0.76
H125R,-1,-0.419,-0.2
P192D,-1,-1.01,-0.51
G127T,-2,-1.341,-0.27
I180D,-1,-1.021,-1.43
Y156N,0,-0.36,-2.22
L188K,-1,-0.929,-3.01
A207S,-2,-0.897,-1.78
P97Y,-1,-1.065,2.52
R167I,2,0.828,-1.42
N90L,0,1.044,0.09
S72N,-1,-0.105,-0.35
R64V,0,0.186,0.43
V155D,-1,-1.032,-1.34
K159S,0,-0.535,-0.43
D179V,-1,-1.017,0.96
I206M,-1,-0.844,-0.02
N90R,0,1.022,-1.07
P154I,-1,-1.201,-0.57
P102W,-1,-1.202,-0.26
S111E,-1,-1.057,-0.41
P81N,-2,-1.419,0.52
L116F,-1,-0.982,-0.59
Q209I,-2,-1.37,0.0
E173M,0,-0.874,-0.87
T157D,-1,-1.007,-0.47
N78S,3,1.12,-1.24
L63Q,-2,-1.449,-1.72
A149R,-1,-1.253,-2.95
R108E,0,-0.385,-0.09
G93A,-1,-1.19,-1.8
L184N,-2,-1.608,-1.52
P103Q,-1,-1.071,-0.8
Y185T,0,-0.587,-2.47
R176W,1,-0.349,-0.06
V74D,-1,-1.064,-3.59
V142L,-1,-0.963,-0.66
I75W,-1,-0.939,-0.02
R108V,0,-0.385,0.96
T100M,-1,-0.913,0.51
R182G,-1,-0.845,-1.23
F148A,-1,-1.079,-0.6
E204W,-1,-1.002,-0.65
R205Y,-1,-1.103,-0.15
D126L,0,-0.288,1.43
L198D,-1,-1.042,-1.97
V142D,-2,-1.103,-1.34
V87K,-1,-1.064,-4.4
Y112A,-2,-1.222,-0.94
L85A,-1,-1.035,-3.74
L128D,-1,-1.04,-2.35
V74Y,-1,-0.864,-2.14
F119K,-1,-1.316,-1.58
F119T,-1,-1.319,-2.33
D197K,-1,-1.445,1.38
D92E,-1,-1.086,0.06
S168R,-1,-0.184,1.42
P172E,0,-0.656,2.35
R113D,-1,-0.545,-0.54
D126G,0,-0.301,-0.82
R64Q,0,0.227,-0.51
T152C,-1,-0.891,0.42
T100N,-2,-1.049,-0.33
N90Y,0,0.742,-0.44
L101V,-1,-0.888,-1.53
V170M,-1,-1.078,-0.66
V84G,-1,-1.041,-2.57
L158N,-1,-0.999,-1.52
R79P,2,0.075,-1.42
P81V,-1,-1.032,0.62
V84K,-1,-1.004,-4.02
C162R,-2,-1.502,0.71
N78R,1,0.485,-1.42
T157S,-1,-1.005,0.24
F148I,-1,-1.014,0.53
T133K,-2,-1.565,0.0
S183R,-1,-1.213,1.07
G93L,-1,-0.924,-2.03
H110Q,-1,-0.999,-0.51
G104S,-2,-1.357,-3.4
D126E,-1,-0.657,-0.31
N131I,0,0.872,0.78
S72W,-1,0.126,-0.48
T202G,-2,-0.594,0.36
V142I,-1,-0.974,0.08
F136K,-1,-1.081,-1.3
C162D,-1,-0.951,-0.51
R205M,-1,-1.1,-0.36
L118E,-1,-1.065,-2.49
A122W,-1,-0.81,-0.06
P71R,-1,-1.032,2.18
G93S,-2,-1.505,-2.95
D190T,0,-0.345,-0.49
Q195T,-1,-1.739,-0.79
S111T,-1,-1.777,0.1
Q203Y,-1,-0.993,-0.22
L163N,-1,-0.844,-2.19
N141C,1,0.561,0.6
F136P,-1,-0.485,-3.77
L101R,-2,-0.969,-2.46
L85I,-1,-1.131,0.42
L128Y,-1,-0.684,-1.15
I147P,0,-0.196,-1.41
V84S,-2,-1.253,-3.91
Y156K,0,-0.9,-0.79
L184T,-1,-1.102,-1.98
T100K,-1,-0.913,0.01
R167P,3,1.508,-3.81
V74G,-1,-1.069,-2.69
L188R,-1,-1.505,-2.75
R177P,0,0.27,-1.22
D179A,-1,-1.017,0.48
V83A,-1,-1.076,0.33
N78G,3,1.147,-0.72
R60T,-2,-1.137,0.0
G106A,-1,-1.038,-0.68
K171G,-1,-1.013,0.75
F136C,-1,-0.966,-1.02
S168V,-1,-0.184,0.47
L101P,0,0.21,-4.04
L135R,-1,-0.972,-0.46
L188S,-1,-1.091,-3.68
E186Y,0,-0.643,-0.52
P97W,-1,-1.032,2.08
Q96H,-2,-1.535,0.72
P102L,-1,-1.202,-0.58
L116G,-1,-0.982,-1.62
Y98S,-1,-1.011,-0.77
R69P,-1,-1.032,-1.44
R107N,-1,-0.321,-1.07
I147V,-1,-0.894,0.27
R107W,0,-0.071,0.36
G106F,-1,-1.101,-0.25
N78P,4,1.939,-1.71
T124P,0,-0.41,-1.44
L128W,-1,-0.611,-1.15
S111Y,-1,-1.055,-0.15
N193L,1,0.038,0.54
I206K,-1,-0.86,-0.19
V165L,-1,-0.818,0.68
E204L,-1,-1.002,-0.16
L63C,-1,-0.956,-0.44
D187C,1,-0.516,0.57
E199P,0,-0.379,-2.35
D187V,1,-0.556,0.66
I151W,-1,-0.992,-1.45
Q145G,-1,-0.947,0.56
N141Y,0,-0.062,0.86
G144H,-1,-1.026,-1.0
K159Y,0,-0.619,0.37
D187L,1,-0.476,1.38
D197T,0,-1.181,-0.48
S168Y,-1,-0.202,0.7
Y175S,-1,-0.86,-2.35
R64M,0,0.081,-0.29
P103G,-1,-1.071,-0.35
L89G,-1,-1.033,-2.11
Q164E,-1,-0.753,0.47
L153G,-1,-1.032,-0.02
L129K,-1,-1.045,-0.61
G144V,-1,-1.08,-2.29
G106S,-2,-1.248,-1.07
Q96K,-1,-1.131,0.19
L129N,-4,-1.478,-1.24
P154H,-2,-1.144,0.24
H115F,0,-0.704,-0.39
L101E,-1,-0.894,-1.91
I147K,-1,-0.996,-0.93
V83G,-1,-1.041,0.19
T124S,-1,-1.18,-0.44
G114I,-1,-1.0,-2.74
G93R,-3,-2.121,-3.7
E134L,-1,-1.032,0.32
R79H,-1,-0.699,0.19
Q132M,-1,-0.994,0.32
L198W,-1,-0.952,-1.15
N193G,1,0.048,0.47
N78C,3,1.159,0.83
I75Y,-1,-1.016,-0.06
F148W,-1,-1.062,0.5
Q132A,-1,-0.994,0.55
V170I,-1,-1.008,0.08
R107Y,-1,-0.903,0.67
D179W,-1,-1.021,0.32
L85Y,-1,-0.978,-0.47
D190H,-1,-1.29,0.49
L198R,-2,-1.626,-1.32
T152Y,-1,-0.836,0.99
N150E,0,-0.325,0.79
L158V,-1,-0.992,-0.67
F91N,-2,-1.271,-0.12
V170Y,-1,-0.891,-0.37
G127H,-2,-1.335,-0.19
H208W,-2,-1.509,0.12
L184D,-1,-1.069,-1.35
A207V,0,-0.697,-0.6
L169F,-1,-1.052,-0.63
G127Y,-2,-1.418,-0.14
P102Q,-1,-1.202,-0.8
L198V,-1,-1.002,-2.89
Y112V,-2,-1.221,0.65
R161E,0,-0.348,0.4
L116H,-1,-0.948,-0.38
L201H,-1,-0.983,-1.14
F76S,-1,-1.05,-3.07
I147L,-1,-0.85,-0.5
Y185Q,0,-0.673,-1.02
W117I,-1,-1.034,-0.14
G144T,-2,-1.529,-3.39
R60K,-1,-1.032,0.0
P99H,-1,-1.032,-0.39
A207M,-1,-1.028,-0.08
D143Y,-1,-1.032,0.43
H115G,0,-0.777,-1.5
P138W,-2,-1.415,-0.4
Q96G,-1,-1.167,0.65
L118P,-1,-0.363,-3.53
P95M,-1,-1.055,1.78
C77T,-2,-1.578,-0.88
I151R,-2,-0.995,-3.31
P154W,-1,-1.197,-0.26
Y156R,0,-0.36,-0.76
P81M,-1,-1.032,0.59
T100I,-1,-0.914,0.9
N141F,1,0.561,0.24
W117V,-1,-0.918,-0.25
C162H,-2,-1.24,0.13
P102H,-1,-1.202,-0.39
D121P,3,1.591,-1.4
R176Q,1,-0.349,-0.04
I151C,-1,-1.028,-1.66
P146M,-1,-1.023,-0.13
Q209E,-2,-1.17,0.0
L169E,-1,-1.051,0.17
R113I,-1,-0.45,0.22
F136N,-2,-1.015,-2.41
G93D,-2,-1.798,-2.89
T152R,-1,-0.891,-0.14
S80L,-1,-0.393,0.36
D179L,-1,-1.021,0.88
L128I,-1,-0.906,0.57
N150R,0,-0.391,0.77
L101G,-1,-0.894,-1.68
S65Y,-1,-1.061,-0.8
A122S,-1,-0.81,-0.39
Q145A,-1,-0.947,0.26
P95D,-2,-1.338,0.87
F148N,-1,-1.082,-0.98
Q132D,-1,-0.941,-0.4
V165M,-1,-0.666,0.16
A122D,-1,-0.81,-0.02
L153Y,-2,-1.113,-0.25
R167T,2,0.53,-3.41
E70I,-1,-0.528,1.27
R177S,-1,-0.257,-1.3
Y112T,-3,-1.71,-0.56
I206E,-2,-1.296,0.29
S168L,-1,-0.202,1.41
N193H,1,0.067,0.73
D179R,-1,-1.021,0.15
N131F,0,0.719,-0.18
P102S,-1,-1.202,-0.63
K196S,0,-0.22,-0.9
I109H,-1,-1.045,-0.85
R167H,2,0.939,-1.47
R161W,0,-0.318,-0.06
D197F,0,-0.639,0.26
L153W,-1,-1.032,-0.24
R79I,0,-0.281,-0.04
Y112P,-2,-1.205,-2.52
V181A,-1,-0.943,0.33
G104L,-1,-0.967,-2.46
F91G,-1,-0.768,-0.36
R161F,0,-0.225,-0.49
A207K,-1,-0.819,-1.52
Y185R,0,-0.479,-0.33
S168H,-1,-0.202,0.19
P103I,-1,-1.071,-0.57
T152Q,-1,-0.873,0.17
V87L,-1,-1.047,-1.41
G104A,-1,-0.967,-2.6
E134C,-1,-1.032,-0.08
P95T,-1,-1.074,2.01
S111F,-1,-1.061,-0.32
D197G,0,-0.624,-0.24
R120N,1,0.371,-1.28
E199T,-1,-1.035,-1.76
G114D,-2,-1.225,-4.12
F91P,-1,-0.901,-0.69
F91Q,-1,-0.776,-0.08
V170P,0,-0.527,-2.73
V130A,-1,-1.055,-2.71
R113M,-1,-0.502,0.11
I75A,-1,-1.074,-1.49
N67Q,-1,-1.046,-0.01
L158G,-1,-1.004,-1.4
S111D,-1,-0.996,-0.69
L116E,-1,-0.982,-0.27
H115M,0,-0.737,-0.36
L85F,-1,-1.065,-0.59
L101A,-1,-0.904,-3.51
V74H,-2,-1.309,-2.38
R108W,0,-0.333,0.33
F136E,-1,-0.966,-1.94
R177K,-1,-0.205,-0.43
D179I,-1,-1.021,0.82
P86A,-1,-1.01,1.86
W88V,-1,-0.967,0.43
E134R,-1,-1.032,-0.09
R205V,-1,-1.119,-0.38
P102V,-1,-1.046,-0.59
Y156D,-1,-0.673,-2.04
V62G,0,-0.916,-0.3
R113F,-1,-0.556,-0.13
H191T,-1,-0.79,-0.37
R82A,2,0.725,-0.2
P154R,-1,-1.166,-0.67
K196P,1,0.414,-1.8
N131K,0,0.719,-1.33
Q203L,-1,-0.958,0.29
V83C,-1,-1.036,-0.24
Q145Y,-1,-0.921,0.74
P86W,-1,-1.0,1.3
D190A,1,-0.292,0.31
D179H,-2,-1.478,0.31
Q96Y,-1,-1.112,1.04
D92L,-1,-1.031,0.32
L184P,0,-0.511,-2.23
T202P,0,0.01,-0.82
L188P,0,-0.107,-4.14
L85M,-1,-0.998,-0.93
S65P,1,0.166,-1.19
V66L,-1,-1.016,-0.66
V83M,-1,-1.032,-0.02
Q96R,-1,-1.121,0.22
L188H,-1,-0.855,-1.87
S139I,-1,-1.158,1.23
G114Y,-1,-1.151,-2.99
R200E,0,-0.658,-0.26
T124W,-1,-1.127,-0.31
R64D,-1,-0.043,-1.18
R161Y,0,-0.369,-0.11
E173T,0,-0.908,-1.76
D197N,0,-1.143,0.57
R182E,-1,-0.845,0.4
F136T,-1,-1.165,-1.89
R64Y,0,0.02,0.16
C162Q,-1,-1.032,0.47
P86H,-1,-1.075,0.97
F148S,-1,-1.038,-0.83
T105G,-1,-0.288,0.15
T157W,-1,-1.007,-0.47
I151S,-1,-1.375,-3.89
R176K,1,-0.349,-0.43
F91I,-1,-0.212,-0.26
P192V,-1,-1.031,-0.59
L201P,0,-0.238,-2.75
V137S,-2,-1.115,-1.12
Q132F,-1,-0.941,0.32
N150K,0,-0.525,0.67
P102D,-2,-1.392,-1.08
S139G,-1,-1.158,0.59
I75P,0,-0.23,-2.82
Y98G,-1,-0.975,-0.01
Q73F,0,-0.724,0.29
I109K,-1,-1.009,-0.93
R176P,1,-0.349,-2.07
N141G,1,0.561,0.53
A122E,-1,-0.81,-0.06
V83P,-1,-1.021,0.6
V155F,-1,-0.928,-0.46
Q132E,-1,-0.941,-0.01
S68L,0,-0.239,-0.42
L163Q,-1,-0.777,-0.29
C162F,-1,-1.127,-0.04
R176I,1,-0.349,-0.13
S72K,-2,-0.605,-1.23
A207Q,-1,-0.884,-0.8
P138R,-4,-2.512,-1.11
G123D,-1,-1.073,0.32
P99F,-1,-1.032,-0.88
P86M,-1,-1.018,2.16
K171H,-1,-1.013,0.3
S68Y,0,-0.239,-1.17
R64P,1,0.232,-2.24
P71H,-1,-1.032,1.62
E199I,-1,-0.985,-0.57
V130C,-1,-1.054,-0.72
P172N,-1,-0.712,0.32
R182P,-1,-0.591,-2.07
V166R,-2,-1.282,0.44
R205P,0,-0.517,-1.82
L153C,-1,-1.032,-0.4
I109W,-1,-1.008,0.26
V62K,0,-0.916,-0.1
L129H,-1,-1.045,-0.38
A122H,-1,-0.81,0.23
P154E,-1,-1.127,-1.07
R69S,-2,-1.187,-0.79
N67V,-1,-1.05,0.81
V87Q,-1,-1.039,-3.94
N174Y,-1,-0.295,1.21
T105E,-1,-0.229,-0.33
R182I,-1,-0.819,-0.13
K159F,0,-0.537,-0.07
V74C,-1,-1.116,-1.17
R177C,-1,-0.18,-0.64
Q209L,-2,-1.37,0.0
R167F,2,0.85,-1.59
P61S,-1,-1.032,0.1
V83D,-1,-1.047,-0.85
I75V,-1,-1.073,0.27
L89T,-1,-1.317,-2.74
V142N,-1,-0.963,-1.24
Y156V,0,-0.36,-0.52
T157V,-1,-0.998,-0.12
Q203F,-1,-0.961,-0.7
Q164P,2,0.716,-2.89
I75F,-1,-0.996,-0.52
L63P,-1,-0.965,-4.01
V194W,-1,-1.01,-0.81
R205L,-1,-1.119,0.3
H125A,-1,-0.419,-0.05
L140V,-1,-1.032,-0.23
G106D,-2,-1.521,-0.94
T124C,-1,-1.192,0.08
Q164K,1,-0.039,-1.66
L116M,-1,-0.988,-0.93
P146K,-1,-1.032,-1.04
S68D,-2,-1.098,-0.21
Y175N,-1,-0.858,-1.68
G93C,-1,-1.019,-1.1
R120P,2,1.123,-3.14
I180K,-1,-0.984,-0.84
L163D,-1,-0.896,-2.15
N193K,1,0.051,-0.18
E186D,0,-0.61,-1.42
P97T,-1,-1.065,2.01
R79G,0,-0.326,-0.73
P192E,-1,-1.01,-1.07
G93F,-1,-1.085,-2.99
R161S,0,-0.295,-1.3
H115Y,-1,-0.903,-0.25
R176V,1,-0.349,-0.33
N90Q,0,0.996,-0.54
R161I,0,-0.362,-0.13
P102A,-1,-1.202,-0.36
N150W,0,-0.386,1.1
P154F,-1,-1.046,-0.88
D179M,-1,-1.021,0.28
V83W,-1,-1.041,-0.17
T152I,-1,-0.903,0.8
T202E,-2,-0.582,2.0
D121C,2,0.807,0.69
Y98F,-1,-0.999,-0.25
S111I,-1,-1.146,2.0
N78D,2,0.54,-0.84
S168K,-1,-0.175,0.58
L178R,-1,-0.895,-0.35
I180L,-1,-1.021,-0.72
V155W,-1,-0.96,-0.34
V155E,-1,-1.036,-1.35
I151E,-1,-0.952,-2.73
E189T,-1,-1.672,-2.0
R107V,0,-0.099,0.85
P86L,-1,-1.018,3.28
L140Y,-1,-1.032,-0.31
S80P,0,0.201,-2.03
P97R,-2,-1.215,1.77
D92I,-1,-0.976,-0.14
V181Y,-1,-0.91,-0.35
H191I,0,-0.431,0.39
V165H,-1,-0.657,-0.34
R113H,-1,-0.556,-0.04
D143M,-1,-1.032,0.24
Q203A,-1,-0.941,0.42
T105W,-1,-0.329,0.47
G104N,-2,-1.454,-1.42
N141I,1,0.561,0.72
L116R,-2,-1.336,-1.32
R182H,-1,-0.845,-0.76
L198Q,-1,-1.042,-0.29
L101S,-1,-0.907,-2.64
R108T,0,-0.385,-0.1
L89M,-1,-1.012,-1.1
V155K,-1,-1.036,-0.85
L89D,-1,-1.033,-3.56
L63Y,-2,-1.203,-1.05
N78V,3,1.147,2.04
V83I,-1,-1.047,0.12
P61Y,-1,-1.032,0.66
C162I,-1,-0.979,0.42
K159Q,0,-0.537,0.3
L163C,-1,-0.844,-1.51
V142E,-1,-0.963,-1.35
H115C,0,-0.777,-0.91
K159G,0,-0.524,-0.85
R113Y,-1,-0.604,0.1
Y175W,-1,-0.86,-0.67
L118D,-1,-0.981,-3.36
G127F,-1,-0.963,-0.6
A122G,-1,-0.849,-0.43
G144Y,-1,-0.982,-1.91
F91V,-1,-0.768,-0.13
Q73Y,0,-0.541,0.89
L158E,-1,-1.004,0.17
E160D,0,-0.396,-1.4
P97S,-1,-1.032,1.26
L178K,0,-1.252,-0.71
N141A,1,0.561,0.64
G114A,-1,-1.139,-3.56
I75K,-1,-0.986,-0.93
A122P,0,-0.079,-0.67
L140D,-1,-1.032,-0.82
S68E,0,-0.273,-1.19
P61N,-1,-1.032,0.52
F76T,-1,-1.036,-2.33
S139V,-1,-1.158,1.12
G106M,-1,-0.96,-0.38
F76V,-1,-1.023,-1.53
P86N,-2,-1.197,0.71
P97C,-1,-1.032,1.31
Q203K,-1,-0.958,-0.44
T152M,-1,-0.897,-0.29
D143R,-1,-1.032,1.05
Q209T,-3,-1.506,0.0
Y185C,0,-0.491,-1.64
V130K,-1,-1.156,-4.03
H191R,0,-0.383,0.09
K196G,0,-0.236,-0.85
C77W,-2,-1.175,-1.66
V87G,-1,-1.066,-2.69
L188T,-1,-1.454,-3.67
V170T,-1,-1.548,-0.98
F119I,-1,-1.266,0.23
T152V,-1,-0.911,1.04
V165F,-1,-0.679,-0.09
N174S,-1,-0.18,-0.07
R60Y,-1,-1.032,0.0
R60D,-1,-1.032,0.0
Q164F,1,0.122,0.53
T152P,-1,-0.136,-1.41
Y112C,-2,-1.234,-0.06
V137M,-1,-1.032,-0.66
L118Q,-1,-1.098,-2.41
T105S,-1,-1.038,-0.32
Q96S,-1,-1.154,-0.44
N174V,-1,-0.223,0.87
W117A,-1,-1.005,-2.45
L85G,-1,-0.987,-1.62
R167Y,1,0.351,-1.07
V66D,-3,-1.784,-1.34
L140K,-2,-1.204,-0.71
Q164G,1,0.223,-2.69
H110C,-1,-0.999,-0.01
P172H,0,-0.763,1.06
V137D,-2,-1.23,-0.92
P71E,-1,-1.032,1.8
P95R,-2,-1.761,2.18
G144E,-2,-1.366,-2.75
T157P,-1,-1.007,-0.01
G104T,-1,-0.967,-3.39
Q96C,-1,-1.151,0.22
P102Y,-1,-1.202,-0.6
N67L,-1,-1.083,0.68
S139K,-1,-1.158,0.25
E186W,0,-0.61,-0.45
D126V,0,-0.236,0.35
N67M,-1,-1.046,0.35
N150S,0,-0.423,0.02
Q195I,-1,-1.021,-0.16
V166M,-1,-0.757,0.16
I180R,-1,-0.98,-0.87
L163T,-1,-0.831,-2.19
E186Q,0,-0.61,-0.45
T100G,-1,-0.883,0.56
P138A,-1,-1.02,-0.27
Y175H,-2,-0.969,-0.79
V165T,-2,-1.482,-1.13
R161C,0,-0.359,-0.86
D126P,0,-0.289,0.27
Q209M,-2,-1.335,0.0
D187R,1,-0.941,1.0
S183L,-1,-1.247,1.53
R177T,-1,-0.18,-1.57
I180M,-1,-1.021,-0.6
A122Q,-1,-0.849,-0.24
T157H,-1,-1.007,-0.26
E134Y,-1,-1.032,0.39
R82S,2,0.7,-0.42
P146L,-1,-1.023,-0.58
N90H,0,0.604,-0.27
P61V,-1,-1.032,0.62
L118R,-1,-0.989,-3.09
V83K,-1,-1.041,-0.47
V83T,-1,-1.047,-0.75
L198T,-2,-1.791,-2.75
D179K,-1,-1.021,-0.41
L188W,-1,-0.987,-1.37
Q203E,-1,-0.958,0.4
C162M,-1,-0.947,0.39
Q209D,-2,-1.37,0.0
R205H,-1,-1.1,-0.7
F119D,-1,-1.296,-2.74
A207T,-2,-1.328,-1.68
G144F,-1,-1.026,-2.43
R82G,2,0.7,0.31
P95E,-1,-1.055,1.8
Y185W,-1,-0.787,-0.56
F119H,-1,-1.23,-1.41
N67C,-1,-1.05,0.23
E189I,1,-0.851,-0.28
V62Y,0,-0.916,-0.15
D92G,-1,-1.051,-0.31
E204I,-1,-1.002,-0.57
G123C,-1,-1.085,0.52
T105F,-1,-0.32,0.47
E199C,-1,-0.948,-1.12
T100F,-1,-0.916,0.28
F119N,-1,-1.316,-2.48
E94Y,-2,-0.598,0.68
R64F,0,0.157,0.01
W117T,-1,-1.515,-2.05
H115I,0,-0.693,0.53
V83H,-1,-1.071,-0.12
E173K,0,-0.908,-0.86
G114K,-1,-1.086,-4.68
E186G,0,-0.61,-1.62
P81K,-1,-1.032,0.41
P95G,-1,-1.055,2.25
I151N,-1,-0.95,-3.03
E70Y,-1,-0.516,0.68
L63G,-1,-0.956,-1.68
L63I,-1,-1.064,0.81
P103Y,-1,-1.071,-0.6
D179Y,-1,-1.021,0.49
Y175I,-1,-0.913,-0.19
P103W,-1,-1.071,-0.26
P102G,-1,-1.202,-0.35
V142H,-2,-1.242,-0.5
G104H,-1,-0.932,-1.59
N131E,0,0.72,-0.28
L201I,-1,-0.939,-0.45
R167N,2,0.721,-3.0
L178T,0,-1.365,-1.05
V83F,-1,-1.015,-0.38
R205T,-1,-1.498,-1.45
A122L,-2,-0.887,0.27
P71F,-1,-1.032,2.09
R120H,1,-0.042,-0.95
E173W,0,-0.908,-0.65
Q96V,-1,-1.109,1.46
L128F,-1,-0.699,-0.2
I151D,-1,-0.976,-3.79
F76L,-1,-1.026,-2.08
Q195N,-1,-0.977,-1.28
D190Y,0,-0.358,0.56
A149V,-1,-1.03,0.57
D92V,-1,-1.066,-0.11
E199V,-1,-0.985,-0.78
T133S,-1,-1.059,-0.23
R60N,-1,-1.032,0.0
L169Q,-1,-1.017,-0.29
R79C,0,-0.316,-0.26
Q96A,-1,-1.131,-0.04
I147C,-1,-0.99,-0.49
G106L,-1,-0.741,0.43
W117L,-1,-1.004,-0.77
V83S,-1,-1.036,-0.58
D143E,-1,-1.032,0.33
P103C,-1,-1.071,-0.32
L163F,-1,-0.981,-1.14
L63E,-2,-1.113,-1.84
R161L,0,-0.318,0.39
I180F,-1,-1.021,-0.43
S68K,0,-0.239,-1.67
E186F,0,-0.678,-0.85
P71V,-1,-1.032,3.19
W88G,-1,-1.164,-0.23
S139F,-1,-0.816,0.64
N141R,1,0.561,0.17
A207L,-1,-0.948,0.29
S168F,-1,-0.202,0.43
Y112G,-2,-1.222,-0.24
T202D,-3,-1.306,0.59
G123K,-1,-1.045,0.2
L140Q,-2,-1.546,-0.74
L140E,-1,-1.032,-0.68
R107G,0,-0.054,0.09
N141L,1,0.561,0.84
E70K,-1,-0.539,-0.01
T152W,-1,-0.888,0.26
L198Y,-1,-1.03,-1.18
F148H,-1,-1.062,-0.26
L101K,-1,-0.813,-2.26
L135H,-1,-1.02,-0.16
T105I,-1,-0.351,1.19
V83R,-1,-1.107,-0.33
T105M,-1,-0.284,0.46
P172K,0,-0.656,1.54
Y112K,-2,-1.677,-0.77
E204V,-1,-1.002,-0.78
Y175F,-1,-0.926,-0.78
L188E,-1,-0.855,-2.15
Y185A,0,-0.491,-1.26
Q209A,-2,-1.37,0.0
Q132P,-1,-0.851,-1.09
L101I,-1,-0.923,0.81
P103N,-1,-1.071,-0.94
V166A,-1,-0.727,0.84
T133Q,-1,-1.059,-0.04
P95Y,-1,-1.055,2.52
R200A,0,-0.622,0.09
F119R,-1,-1.359,-1.93
P81E,-1,-1.032,0.45
E189D,-1,-1.237,-1.42
T133H,-2,-1.859,0.37
F91R,-1,-0.766,-0.14
S80V,-1,-0.393,0.9
C77K,-1,-0.958,-1.31
L184G,-1,-1.069,-1.4
P192Q,-2,-1.124,-0.35
T100H,-1,-0.88,0.37
I147N,-2,-1.642,-1.34
V74R,-1,-0.785,-3.61
V142Q,-1,-0.963,-1.13
R161P,1,0.283,-2.07
V66G,-1,-1.083,-0.46
V166W,-1,-1.204,0.26
P81W,-1,-1.032,0.68
E204G,-1,-0.979,-1.63
I147F,-1,-0.991,-0.52
S72I,0,-0.313,1.6
E173N,0,-0.908,-1.81
R182V,-1,-0.845,-0.33
R107E,0,0.057,-0.62
T152S,-2,-1.07,-0.8
D190I,0,-0.398,0.74
I75C,-1,-1.109,-0.49
P146V,-1,-1.023,-0.59
S183Q,-1,-1.128,1.21
N78H,2,0.846,-0.44
S68I,0,-0.335,-0.8
R69G,-1,-1.032,2.18
N78Y,3,1.494,-0.2
H115A,0,-0.737,-1.06
E186K,0,-0.61,-1.03
R79Y,-1,-0.489,0.55
P102F,-1,-1.202,-0.88
Y156Q,0,-0.252,-1.1
G114S,-1,-1.139,-4.37
H115W,0,-0.704,-0.91
P146A,-1,-1.032,-0.36
L128G,-1,-0.975,-1.68
L116K,-2,-1.428,-0.89
D143Q,-1,-1.032,0.4
R79K,-1,-0.846,-0.51
A122Y,-1,-0.81,-0.03
P97L,-1,-1.032,2.33
L129E,-1,-1.076,-0.29
I206D,-1,-0.86,-0.69
E134D,-1,-1.032,-0.06
T100L,-1,-0.916,0.94
P146R,-2,-1.392,-0.12
S139Y,-1,-1.158,0.77
E160W,0,-0.353,-0.4
H125V,-1,-0.43,0.59
A207R,-2,-1.046,-0.48
D190W,0,-0.353,0.17
Q73G,0,-0.616,0.61
D190P,3,0.573,-1.44
Y112Q,-2,-1.243,-0.88
S72V,0,-0.164,2.32
P146F,-1,-1.032,-0.88
N193I,1,0.033,0.86
E70P,-1,-0.38,-1.89
V130D,-1,-1.055,-3.44
F148M,-1,-1.062,-0.23
R176A,1,-0.349,0.41
R60H,-1,-1.032,0.0
D126W,0,-0.235,-1.0
R108H,0,-0.351,-0.15
D187W,1,-0.503,0.75
V87S,-1,-1.098,-3.67
K159E,0,-0.619,0.65
D190N,-1,-1.048,0.02
C77A,-1,-0.951,-1.13
L63V,-1,-0.956,-1.54
R205S,-2,-1.765,-0.92
F148Q,-2,-1.231,-0.14
L188N,-1,-0.878,-3.23
K196H,0,-0.302,-0.39
N193M,1,0.024,0.06
K196R,0,-0.28,0.25
V170H,-1,-1.008,-0.48
H208K,-2,-1.422,-0.38
Q73T,0,-0.963,0.15
Q132L,-1,-0.994,1.04
L153M,-1,-1.032,-0.14
T157N,-1,-1.007,-0.54
E204A,-1,-0.99,-0.02
Y175A,-1,-0.82,-0.88
T124H,-1,-1.192,-0.21
R120G,2,0.417,-1.84
V130Q,-2,-1.559,-3.36
L89C,-1,-1.033,-1.2
P146N,-1,-1.032,-0.94
V142M,-1,-0.963,-0.66
P97N,-1,-1.032,0.91
D121T,2,0.543,0.02
V155C,-1,-1.032,-0.03
N131Q,0,0.72,-0.23
S168N,-1,-0.202,-0.42
R205K,-1,-1.119,-0.25
R107T,0,0.039,-0.28
Q145C,-1,-0.947,0.32
L89I,-1,-1.118,0.65
E189V,0,-0.908,-0.61
P99Y,-1,-1.032,-0.6
T124R,-1,-1.226,-0.65
V87P,-1,-0.267,-4.49
L153S,-1,-1.032,-0.61
G127R,-1,-0.968,-0.25
P103E,-1,-1.071,-1.07
L153I,-1,-1.032,-0.13
F91T,-1,-0.768,-0.35
S168G,-1,-0.202,-0.18
F148R,-1,-1.062,-0.19
L63H,-1,-0.956,-0.75
S139Q,-1,-1.158,0.21
Y156H,-1,-0.604,-0.62
W117K,-1,-0.991,-1.94
S183E,-1,-1.213,1.71
V74L,-1,-1.086,-1.25
L135S,-2,-1.355,-1.05
S68H,-1,-1.016,-0.3
W88A,-1,-1.199,-0.82
H125S,-1,-0.419,-0.94
R60C,-1,-1.032,0.0
Q145R,0,-0.826,0.21
N90P,1,1.664,0.17
A207E,-1,-0.819,-0.85
Q164A,1,0.223,-1.11
P138I,-2,-1.438,0.53
R205W,-1,-1.077,-0.21
S72R,-1,-0.57,-0.59
L63S,-1,-0.956,-2.33
E199G,-1,-0.946,-1.63
Y185M,0,-0.452,-0.74
N67Y,-1,-1.05,0.32
V170C,-1,-1.008,0.0
V130N,-2,-1.624,-2.45
V181E,-1,-1.041,-0.5
P86G,-1,-1.027,0.71
P146E,-1,-1.032,-1.07
R200W,0,-0.705,-0.3
Q164H,1,0.08,-0.32
E199K,-1,-1.513,-0.65
G106C,-1,-1.016,0.54
S111R,-2,-1.253,-1.27
L153Q,-1,-1.032,-0.79
L201E,-1,-0.969,0.01
F136V,-1,-1.072,-2.3
P138D,-4,-1.952,-1.03
Q132K,-1,-0.994,-0.3
P86C,-1,-1.039,1.92
V66R,-1,-1.172,-0.85
L158W,-1,-1.007,-0.23
P86D,-1,-1.033,0.22
F119V,-1,-1.329,-1.52
V165N,-1,-0.726,-0.5
D179T,-1,-1.021,-0.29
G104Y,-1,-0.967,-1.91
E199L,-1,-0.946,-0.16
E199H,-1,-0.998,-1.21
R200F,0,-0.573,-0.61
R60P,-1,-1.032,0.0
S68M,0,-0.194,-0.84
Y156L,0,-0.252,-0.35
P99A,-1,-1.032,-0.36
E160P,0,-0.419,-2.6
N174M,-1,-0.295,0.8
L89N,-1,-1.033,-2.82
L169N,-1,-1.009,-1.46
E189K,0,-0.907,-1.01
G123N,-1,-1.073,0.28
R167E,2,0.939,-1.59
P71K,-1,-1.032,1.83
V137R,-1,-1.032,-0.85
W88R,-1,-1.184,-0.84
L135M,-1,-1.02,-0.17
A149T,-1,-1.135,-1.78
L128K,-1,-0.863,-2.26
Q195P,0,-0.633,-1.95
Q209F,-2,-1.37,0.0
N141M,1,0.561,0.63
C77N,-2,-1.653,-0.91
I206V,-1,-0.86,-0.35
A149Q,-1,-0.703,-2.92
R64H,-1,-0.264,-0.04
Q203W,-1,-0.942,-0.33
R60L,-1,-1.032,0.0
R120W,2,0.514,0.37
H208L,-2,-1.456,0.06
Y175E,-1,-0.863,-0.28
C77G,-1,-0.949,-1.48
S80C,-1,-0.339,0.68
A149F,-1,-0.982,-1.15
L135Q,-1,-0.972,-0.62
S72A,0,-0.44,1.34
P138N,-4,-1.887,-0.73
V166S,-1,-0.896,-0.46
R64T,-1,-0.2,-0.39
L158Y,-1,-1.004,-0.47
Q96D,-2,-1.33,-0.81
P192A,-1,-1.034,-0.36
S183F,-1,-1.247,0.54
S139M,-1,-1.158,0.35
E204Y,-1,-1.002,-0.74
I180C,-1,-0.984,-0.19
L201Q,-1,-0.969,-0.42
P61T,-1,-1.032,0.25
N67A,-1,-1.05,0.38
L85Q,-1,-1.035,-0.81
R200K,0,-0.622,-0.63
S139W,-1,-1.158,0.31
P97Q,-1,-1.032,1.56
F91A,-1,-0.223,-0.02
F148V,-1,-1.127,1.03
I109M,-1,-1.066,-0.9
R200C,0,-0.729,-0.71
V87C,-1,-1.012,-1.17
V87N,-1,-1.099,-2.76
P61M,-1,-1.032,0.59
P71D,-1,-1.032,0.72
R60F,-1,-1.032,0.0
T133W,-1,-1.033,0.28
G93P,0,-0.532,-3.81
R113E,-1,-0.485,-0.27
D143A,-1,-1.032,0.76
L135K,-1,-0.945,-0.37
P172F,0,-0.715,1.49
V142S,-1,-1.022,-1.12
A207G,-1,-1.002,-0.64
I75E,-1,-1.083,-0.75
I206T,-1,-0.86,-1.06
K159M,0,-0.572,0.12
P81I,-1,-1.032,0.5
R182T,-1,-0.845,-0.95
T100P,-1,-0.936,0.83
A122N,-1,-0.81,-0.03
P99E,-1,-1.032,-1.07
S65N,-2,-1.507,-0.78
V130H,-2,-1.406,-2.65
Q164R,0,0.071,-0.67
P138S,-2,-1.211,-1.27
T152E,-1,-0.903,-0.04
G93Y,-2,-1.873,-2.26
D121A,2,0.858,-0.61
D121F,2,0.769,-0.9
V166N,-1,-0.69,-0.7
S65H,-1,-0.554,-0.6
V84F,-1,-0.918,-2.18
Y175D,-1,-0.858,-1.77
R82N,2,0.7,-0.42
P97I,-1,-1.048,2.83
H115Q,-3,-1.971,-0.49
R182D,-1,-0.845,-0.83
R205A,-1,-1.103,0.48
E70L,-1,-0.528,0.88
P95C,-1,-1.055,1.3
I206S,-1,-0.963,-0.8
V142F,-1,-0.963,-0.46
V137T,-2,-1.178,-0.94
L184Q,-1,-1.106,0.03
G123R,-1,-1.085,0.35
T124D,-1,-1.192,-0.19
I109E,-1,-1.067,-0.75
D126A,0,-0.309,1.37
R120C,2,0.416,-0.85
L118V,-1,-1.098,-1.43
I180H,-1,-0.98,-0.56
G114L,-1,-1.139,-3.28
S68W,0,0.058,-1.51
E189G,0,-0.883,-1.73
L63D,-2,-1.359,-2.75
L118T,-1,-0.989,-2.74
V66Q,-1,-1.154,-1.01
E134P,-1,-1.032,-0.44
R82W,2,0.725,0.05
P172M,0,-0.763,1.63
R82T,2,0.698,-0.31
R69F,-1,-1.032,0.09
E94W,-2,-0.478,0.4
G123I,-1,-1.045,0.08
S168P,2,0.36,-1.62
D126S,0,-0.309,-0.44
V62N,-2,-1.128,-0.26
R177H,-1,-0.205,-0.76
I75Q,-1,-1.069,-1.16
S68R,-1,-1.041,-0.82
I151M,-1,-0.983,-1.54
L153A,-1,-1.032,0.09
F148G,-1,-1.082,0.26
L116I,-1,-1.063,0.42
L184M,-1,-1.123,-0.31
P146C,-1,-1.032,-0.32
R82H,2,0.725,0.27
R107I,0,0.015,0.51
I180Y,-1,-0.98,-0.48
I151V,-1,-1.029,-2.14
P146T,-1,-1.08,-0.82
P192T,-2,-1.421,-0.06
V62A,0,-0.916,0.12
L163S,-1,-1.178,-2.47
P172Y,0,-0.715,1.83
D197Y,0,-0.639,0.67
H110F,-1,-1.032,0.22
R120Q,0,-0.098,-1.68
Q195F,-1,-0.977,-0.7
E160T,0,-0.469,-1.39
I75T,-2,-1.177,-0.8
V66M,-1,-1.015,-0.66
V155M,-1,-0.928,-0.41
Q195C,-1,-0.977,-0.78
V137H,-1,-1.032,-0.48
E160K,0,-0.396,-1.01
L158D,-1,-1.005,-1.18
N193C,1,0.038,0.73
E134Q,-1,-1.032,-0.15
V181S,-1,-0.943,-0.58
V137K,-1,-1.032,-0.85
E173G,0,-0.908,-1.63
L153V,-1,-1.032,-0.23
V74F,-1,-0.868,-1.93
V74P,-1,-0.218,-4.49
H125Y,-1,-0.419,0.37
V165Y,-1,-0.669,0.22
I109S,-1,-1.039,-1.52
P102M,-1,-1.2,-0.13
S183Y,-1,-1.213,0.98
V181D,-1,-0.943,-0.85
Q145F,-1,-0.947,0.43
E173Y,0,-0.908,-0.74
N174G,-1,-0.295,0.06
L158M,-1,-1.005,-0.53
Q164N,0,-0.425,-1.71
L135C,-1,-0.972,0.21
S168I,-1,-0.202,0.81
P172Q,0,-0.656,1.96
N150Q,0,-0.335,0.54
L85D,-1,-1.037,-2.03
G93E,-2,-1.661,-3.1
R64L,0,0.081,0.19
R120M,2,0.416,0.09
V130E,-2,-1.323,-3.08
C162G,-1,-0.974,-0.69
D197M,0,-0.582,0.77
K171S,-1,-1.017,0.15
I75S,-1,-1.038,-1.43
H125E,-2,-0.83,-0.15
E173I,0,-0.908,-0.57
G106T,-2,-1.313,-0.46
E199D,-1,-0.948,-1.37
L140A,-1,-1.032,0.09
D197W,0,-0.65,0.75
Y156P,1,-0.235,-1.22
L169G,-1,-0.958,-1.4
A122T,-1,-0.849,-0.11
V142P,-1,-1.091,-3.6
P61G,-1,-1.032,0.27
G144D,-1,-1.026,-2.5
L118S,-1,-1.092,-3.28
E94H,-2,-0.511,0.55
E173P,0,-0.874,-2.35
E70A,-1,-0.496,0.22
V142C,-1,-0.916,-0.03
H110N,-3,-1.483,-1.0
V165P,0,-0.129,-1.71
P138C,-2,-1.212,0.19
L63R,-2,-1.195,-2.41
V155I,-1,-1.032,0.08
G144S,-2,-1.542,-3.14
L116A,-1,-0.982,-3.75
K171R,-2,-1.169,0.47
D126R,-1,-0.485,-0.91
V155G,-1,-1.032,-0.46
N90T,0,0.507,0.48
S72M,0,0.111,0.05
H191C,0,-0.383,-0.26
Q164Y,1,0.122,-0.42
I109N,-2,-1.36,-1.35
K159D,0,-0.537,-0.73
G114Q,-1,-1.18,-3.98
G123S,-1,-1.073,-0.16
V137L,-1,-1.032,-0.66
L178H,0,-1.326,-0.35
N174D,-1,-0.583,0.36
T202Q,-1,-0.556,1.6
N131H,0,0.719,-0.39
C77R,-1,-0.943,-1.45
E70D,-1,-0.539,-0.66
Y185D,0,-0.491,-2.42
L198N,-1,-1.042,-2.19
H125T,-2,-0.901,-0.68
R113Q,-1,-0.526,-0.28
I147G,-1,-0.927,-0.61
Q209R,-2,-1.297,0.0
H110M,-1,-0.999,-0.34
E186P,1,-0.561,-2.42
N150Y,0,-0.319,1.43
L118K,-1,-1.095,-3.22
S80E,-2,-0.746,-0.97
R205Q,-1,-1.119,0.15
L89Y,-1,-1.067,-1.11
V130F,-2,-0.069,-1.49
Y175T,-1,-1.262,-2.51
E204K,-1,-1.002,-0.86
T100E,-1,-0.888,0.06
V84D,-2,-1.156,-3.56
P146H,-1,-1.032,-0.39
E134T,-1,-1.032,-0.17
L118A,-1,-1.053,-3.96
S65Q,-2,-1.292,-0.98
T133Y,-1,-1.094,0.63
D197C,0,-0.628,0.76
L140I,-1,-1.032,-0.13
K171P,-1,-1.013,1.04
L198F,-1,-1.008,-1.14
P138K,-2,-1.373,-1.68
F148C,-1,-1.082,0.71
R113P,0,0.25,0.38
D143H,-1,-1.032,0.67
S68V,0,-0.302,-0.46
K196L,0,-0.278,0.89
L118H,-1,-0.969,-1.52
R182L,-1,-0.845,0.39
H125I,-1,-0.415,0.68
S65W,0,-0.597,-1.07
H110D,-2,-1.213,-1.24
V66W,-1,-1.135,-0.53
T100V,-1,-0.913,0.76
A207P,1,0.02,-1.4
V62I,-1,-0.924,-0.03
Y98N,-1,-0.944,-1.1
I206P,0,0.154,-0.68
P154S,-1,-1.127,-0.63
Q164V,1,0.08,-0.55
P102T,-1,-1.214,-0.82
S65G,0,-0.544,-0.18
D187Q,0,-0.874,1.15
G123W,-1,-1.073,0.35
D92T,-1,-1.08,-0.11
I151A,-1,-0.928,-4.7
D92S,-1,-1.684,-0.24
G123F,-1,-1.073,0.36
R167Q,2,0.939,-1.6
L163E,-1,-1.087,-0.21
I75L,-1,-1.042,-0.5
I147H,-1,-0.959,-0.85
I151Q,-1,-0.974,-2.82
E160V,0,-0.466,-0.61
L118F,-1,-1.088,-0.78
L184E,-1,-1.135,0.17
Q164C,1,0.102,-1.0
P154D,-2,-1.258,-1.08
E160L,0,-0.396,0.05
S168T,-1,-0.686,-0.56
D121E,1,0.04,-0.35
L116Y,-1,-0.982,-0.47
W88H,-2,-1.781,-0.67
A122I,-2,-0.936,-0.16
V166E,-1,-0.728,0.79
T100R,-1,-0.877,0.17
D126T,0,-0.288,0.33
K171A,-1,-1.013,0.68
R205C,-1,-1.08,-0.52
C77D,-1,-0.949,-1.12
Q203M,-1,-0.958,-0.46
R79N,0,-0.49,-0.15
I180N,-1,-1.021,-1.35
G104F,-1,-0.967,-2.43
P192M,-1,-1.01,-0.13
L116N,-1,-0.948,-1.97
V155Y,-1,-0.928,-0.37
E186L,0,-0.61,0.04
N67R,-1,-1.046,0.03
N141W,1,0.561,0.38
E94R,-3,-0.685,0.11
S72L,-1,-0.025,1.38
V181M,-1,-0.941,-0.02
L129V,-1,-1.127,0.78
Q203H,-1,-0.941,-0.79
T133I,-1,-1.085,1.1
D187I,1,-0.475,0.93
R79V,0,-0.571,0.1
Y156G,0,-0.36,-1.57
F136G,-1,-0.966,-1.96
V170S,-1,-1.008,-1.12
R79A,0,-0.435,-0.08
N90K,0,1.021,-1.16
N78I,3,1.147,1.16
Q145S,-2,-1.06,-0.2
R107C,0,-0.099,-0.14
E94L,-2,-0.514,0.88
V142R,-1,-0.963,-0.85
E189M,0,-0.823,-0.75
R176G,1,-0.349,-1.23
L135A,-1,-1.02,-0.52
D143K,-1,-1.032,0.12
V62P,-1,-1.055,-0.61
V87F,-1,-1.077,-2.09
D197V,0,-0.604,0.66
I147Y,-1,-0.991,-0.06
F119E,-1,-1.238,-1.78
I151F,-1,-0.996,-1.34
G127P,-1,-0.968,0.35
H191G,0,-0.379,0.29
S111N,-3,-2.139,-0.22
K159A,0,-0.535,0.72
P97G,-1,-1.032,2.25
S68N,0,-0.273,-0.68
Q209P,-1,-1.032,0.0
P138F,-2,-1.466,0.0
S68F,0,-0.273,-0.89
A122M,-1,-0.81,-0.14
Q73H,0,-0.609,0.29
I180E,-1,-1.021,-1.24
V166C,-1,-0.69,-0.03
G114H,-1,-1.142,-3.27
D121I,2,0.803,-0.07
V130T,-1,-1.066,-3.01
H110G,-1,-0.999,0.21
D187S,1,-0.919,-0.35
P172C,0,-0.744,0.92
R69K,-1,-1.032,-0.16
R108P,0,-0.351,-2.18
H110S,-1,-0.999,-0.84
T100C,-1,-0.88,0.51
H191E,0,-0.383,-0.19
I147D,-2,-1.202,-1.24
L135G,-1,-0.972,0.08
L169M,-1,-1.04,-0.53
Y185N,0,-0.909,-2.54
P192C,-1,-1.01,-0.32
F136W,-1,-1.06,-1.16
L178W,0,-0.7,-0.16
G114T,-2,-1.347,-3.59
R69Q,-1,-1.032,0.07
L129A,-1,-1.097,-0.97
V181T,-1,-0.943,-0.75
L169A,-1,-1.009,0.15
Q195V,-1,-0.977,-0.4
G144A,-1,-1.032,-2.17
R182Q,-1,-0.845,-0.04
P95V,-1,-1.074,3.19
E199F,-1,-0.948,-1.21
Y175P,0,-0.039,-2.49
T105D,-1,-0.33,-0.49
L140H,-2,-1.623,-0.35
C162K,-1,-1.028,0.35
P102C,-1,-1.202,-0.32
T152N,-1,-0.891,-0.42
T105P,0,0.109,-1.6
T152A,-1,-0.904,-0.5
S139E,-1,-1.158,0.13
L158P,-1,-0.993,-2.23
I109V,-1,-0.999,0.27
R161H,0,-0.362,-0.76
F119Q,-1,-1.316,-1.99
H110Y,-1,-0.999,0.74
R69Y,-1,-1.032,0.3
I206G,-1,-0.844,-0.91
L140T,-1,-1.032,-0.93
H125C,-1,-0.419,-0.18
S80N,-1,-0.696,-0.59
L118M,-1,-0.887,-1.05
Q203T,-1,-0.949,-1.17
D126H,0,-0.288,0.01
L85V,-1,-1.096,-1.45
N141V,1,0.561,0.68
G127C,-1,-0.975,-0.22
E160N,0,-0.396,-1.61
L129C,-1,-1.045,-0.14
S80M,-1,-0.415,-0.63
K171D,-1,-1.017,-0.36
S111G,-1,-0.996,0.34
Q145I,0,-0.826,1.11
S168C,-1,-0.184,0.5
S111M,-1,-1.012,0.13
P95W,-1,-1.074,2.08
Q73P,0,0.28,-1.94
L158Q,-1,-0.999,-0.29
E173L,0,-0.874,-0.16
F76A,-1,-1.042,-3.71
P61L,-1,-1.032,0.78
V74T,-2,-1.638,-2.83
N174Q,-1,-0.75,1.04
Q209N,-2,-1.37,0.0
L188Q,-1,-0.878,-2.07
F91W,-1,-0.243,0.05
E199R,-1,-0.948,-0.56
R69E,-1,-1.032,-0.12
V74S,-2,-1.472,-3.79
I180G,-1,-0.98,-0.42
G123P,0,-0.806,-0.26
T124G,-1,-1.192,-0.74
Y112I,-2,-1.219,0.07
C162S,-1,-0.974,-0.45
V181H,-1,-0.91,-0.12
P99C,-1,-1.032,-0.32
S111A,-1,-1.057,1.29
F76K,-1,-1.095,-1.58
C77F,-1,-0.884,-1.81
V181K,-1,-0.91,-0.47
D121L,2,0.739,-0.2
H110V,-1,-0.999,1.02
T133M,-1,-1.097,0.3
D187A,1,-0.516,1.48
I147E,-2,-1.069,-0.87
F119A,-1,-1.238,-3.71
R177I,-1,-0.133,-0.13
E94S,-2,-0.583,-0.4
R205D,-1,-1.077,-0.96
T202V,-1,-0.589,1.14
C162L,-1,-1.024,0.67
V130I,-1,-1.031,-0.88
Y98H,-1,-0.999,-0.29
L116T,-1,-1.002,-1.13
L163Y,-2,-1.636,-0.93
R113A,-1,-0.502,0.35
E70F,-1,-0.496,0.6
D92C,-1,-1.086,0.0
G106R,-1,-1.071,-0.46
E173V,0,-0.874,-0.78
D126Q,-2,-0.759,-0.57
N150G,0,-0.423,1.24
V62L,-1,-0.994,0.47
E94A,-2,-0.514,0.22
Q145P,0,-0.412,-0.9
V166T,-1,-1.239,-1.13
E134V,-1,-1.032,0.0
L178Y,0,-0.727,-0.31
R113L,-1,-0.604,0.44
F136Q,-2,-1.307,-1.85
R176S,1,-0.349,-1.3
R120I,2,0.485,1.14
A207D,-1,-0.869,-1.64
I206A,-1,-0.844,0.5
P99S,-1,-1.032,-0.63
F136M,-1,-1.081,-0.55
F136A,-1,-1.043,-3.78
P81L,-1,-1.032,0.78
V155R,-2,-1.311,-0.63
P192G,-1,-1.034,-0.35
R200Q,0,-0.657,-0.28
V155H,-2,-1.252,-0.48
V170K,-1,-1.66,-1.08
Y112D,-2,-1.222,-1.04
R200P,1,-0.018,-2.25
R79T,0,-1.003,-0.53
V84H,-1,-1.008,-2.62
Y98D,-1,-0.999,-1.22
V155L,-1,-1.036,-0.66
P172W,0,-0.797,1.58
Y185P,1,0.026,-2.88
Q195M,-1,-0.977,-0.46
P97H,-1,-1.032,1.62
S183A,-1,-1.247,1.58
N90C,0,1.006,0.26
I109A,-1,-1.061,-1.49
D197P,1,0.055,-1.42
S80K,-2,-1.096,-1.77
Y112M,-2,-1.317,-0.21
S139P,-1,-1.048,-1.65
K196Q,0,-0.341,0.3
R120F,2,0.424,0.24
T124M,-1,-1.213,-0.4
E160S,0,-0.396,-1.57
S80F,-1,-0.468,-0.24
A207N,-1,-0.819,-1.57
K171L,-1,-1.017,0.72
E134N,-1,-1.032,-0.1
V194Y,-1,-0.946,-0.83
I151H,-2,-1.5,-1.89
L184W,-1,-1.014,-0.23
N193D,1,0.038,0.23
A149S,-1,-1.676,-1.91
V181W,-1,-0.983,-0.17
L85K,-1,-1.085,-1.15
L118W,-1,-0.892,-1.51
D179N,-1,-1.021,0.22
R182Y,-1,-0.9,-0.11
R60W,-1,-1.032,0.0
V155S,-2,-1.463,-1.12
L198H,-1,-1.058,-1.14
Q203P,0,-0.367,-1.95
Q145W,-1,-0.947,0.41
Y185F,0,-0.491,-0.76
V165C,-1,-0.666,0.05
R79Q,-1,-0.748,0.11
Q195D,-1,-0.977,-1.03
L163M,-1,-0.82,-0.72
P99M,-1,-1.032,-0.13
T202M,-2,-0.613,1.19
S183H,-1,-1.187,0.4
Q96M,-1,-1.121,0.19
V66F,-1,-1.006,-0.46
S65V,0,-0.544,0.49
W117P,-1,-0.439,-3.43
P154Q,-1,-1.166,-0.8
G104W,-1,-0.98,-2.26
D197H,0,-1.214,0.98
I147S,-1,-0.935,-1.52
F136I,-1,-1.1,-0.26
Q195R,-1,-0.977,-0.15
Y156F,0,-0.256,-0.39
I180A,-1,-0.98,-1.23
H208V,-2,-1.51,-0.17
L128S,-1,-0.902,-2.64
L188G,-1,-0.84,-3.78
Y112S,-2,-1.222,-1.25
R107Q,0,-0.054,-0.73
V62T,-1,-0.924,-0.06
I109Q,-1,-0.981,-1.16
V87W,-1,-0.941,-2.41
P95I,-1,-1.074,2.83
T105Q,-1,-0.327,-0.17
D121S,2,0.854,-0.55
A149E,-1,-0.818,-2.93
R64S,-1,-0.344,-0.82
P102N,-1,-1.202,-0.94
L184C,-1,-1.071,-0.39
L169C,-1,-0.99,-0.66
Q132W,-1,-0.994,0.45
H115V,0,-0.704,0.14
E204Q,-1,-1.002,-0.29
N150L,0,-0.391,1.49
C162W,-2,-1.284,-0.15
V66H,-1,-1.029,-0.48
V155Q,-1,-1.036,-1.13
V74A,-1,-1.067,-2.85
Q203C,-1,-0.981,-0.78
V83N,-1,-1.047,-1.02
S65F,1,0.166,-0.44
N174W,-1,-0.329,2.16
E189P,2,0.049,-1.78
E189L,0,-0.823,0.05
E173H,0,-0.908,-1.21
F119M,-1,-1.316,-0.44
R113K,-1,-0.604,-0.47
G127K,-1,-0.968,-0.74
P95S,-1,-1.055,1.26
H208E,-2,-1.553,-0.17
L158R,-1,-1.04,-0.29
K171N,-1,-1.017,-0.45
Q195G,-1,-0.977,-1.22
D179E,-1,-1.021,0.19
H115R,-1,-0.804,-1.16
V130P,-1,-0.375,-4.8
K196N,-1,-0.612,-0.69
L178A,0,-0.758,0.09
L135N,-2,-1.366,-0.98
F148Y,-1,-1.059,0.5
Y185H,-1,-0.586,-1.07
I180P,0,-0.66,-3.45
I180S,-1,-1.015,-1.23
K171C,-1,-1.013,-0.1
G144I,-2,-1.565,-2.21
E173S,0,-0.908,-1.7
Y112F,-2,-1.216,-0.5
T124F,-1,-1.192,-0.2
Q96P,-1,-0.378,-1.19
F148E,-2,-1.683,-0.12
E70Q,-1,-0.847,-0.03
N150V,0,-0.373,1.98
C162P,0,-0.352,-0.93
I151L,-1,-1.067,-0.8
Q195W,-1,-0.977,0.28
T202I,-1,-0.589,1.51
R60S,-1,-1.032,0.0
Y98V,-1,-1.011,0.38
W117N,-2,-1.573,-2.56
R167W,2,0.82,-0.61
R200Y,0,-0.706,-0.31
D179S,-2,-1.257,-0.55
Q132Y,-1,-0.941,0.48
I109D,-1,-1.086,-1.24
L101N,-1,-0.819,-2.35
Q145H,-1,-1.439,0.64
E204P,0,-0.233,-2.35
L116V,-1,-1.022,-1.43
W88C,-1,-1.158,0.28
Y98A,-1,-0.972,-0.51
L128A,-1,-0.962,-3.52
S111W,-1,-1.094,-0.44
S65T,-1,-1.149,-0.59
Y98C,-1,-0.999,-0.09
R108F,0,-0.351,-0.05
V130W,-1,-0.932,-2.3
P138H,-3,-1.668,-0.14
W117Y,-1,-1.027,-0.89
R182S,-1,-0.845,-1.3
A149L,-1,-0.775,-0.47
H125M,-1,-0.384,0.0
F76N,-1,-1.05,-2.48
D143V,-1,-1.032,0.87
R182C,-1,-0.845,-0.64
R108M,0,-0.385,-0.42
V84M,-1,-1.073,-2.1
E189H,0,-1.548,-0.46
L188C,-1,-0.855,-1.4
E173C,0,-0.908,-1.18
V84N,-1,-1.104,-2.88
R64E,0,0.227,-0.69
H191M,0,-0.383,0.05
E199N,-1,-1.485,-1.42
S72D,0,-0.199,-0.9
H191V,0,-0.383,0.12
G127V,-1,-0.975,-0.18
L188D,-1,-0.854,-3.51
V137W,-1,-1.032,-0.53
E204N,-1,-1.002,-1.42
R82D,2,0.703,-0.59
L85W,-2,-1.49,-0.69
H115P,1,-0.261,-1.22
S72T,-1,-0.732,-0.21
V66S,-1,-1.083,-1.12
D121G,2,0.858,-0.72
S68T,-1,-0.686,-0.25
E186M,0,-0.61,-0.54
P81D,-1,-1.032,0.43
G93N,-2,-1.666,-2.32
F136D,-2,-1.083,-2.8
L85C,-1,-1.067,-0.91
R107H,-1,-0.266,-0.33
G114M,-1,-1.139,-3.02
Y156I,0,-0.256,-0.42
E70R,-1,-0.523,0.11
N90W,-1,0.497,-0.97
W117Q,-1,-0.967,-2.09
R167G,2,0.939,-3.46
E134F,-1,-1.032,-0.04
C162V,-1,-1.047,0.04
V84Q,-1,-1.058,-3.47
I75R,-1,-1.109,-0.74
D143T,-1,-1.032,-0.46
L158K,-1,-1.03,-0.68
G144M,-1,-1.032,-2.22
R176M,1,-0.349,-0.46
Y185K,-1,-1.01,-0.73
N90D,-1,0.906,0.11
Q73M,0,-0.541,0.14
T157L,-1,-1.007,0.2
D92M,-1,-1.051,-0.09
Q73I,0,-0.587,0.98
P154T,-1,-1.127,-0.82
W88D,-2,-1.228,-0.99
D190S,1,-0.291,-0.77
L140P,-1,-1.032,0.58
N67T,-1,-1.05,-0.4
T133V,-1,-1.094,0.94
R64K,-1,-0.567,-0.57
H125G,-1,-0.43,1.13
P192R,-2,-1.428,-0.38
L129S,-1,-1.099,-1.2
P172I,0,-0.715,1.91
D190R,0,-0.37,-0.04
L201R,-3,-1.477,-1.32
D126C,0,-0.288,0.57
H208Q,-3,-1.83,-0.38
E160G,0,-0.353,-1.73
P81T,-1,-1.032,0.25
N78K,3,1.217,-1.85
D126K,0,-0.288,-1.27
G93W,-1,-0.666,-2.7
R161V,0,-0.36,-0.33
I151K,-2,-1.748,-3.52
G114E,-2,-1.282,-4.08
V62F,0,-0.916,0.14
W88K,-1,-1.156,-0.69
L198K,-1,-1.011,-1.22
G106W,-1,-1.101,0.24
L201C,-1,-0.969,-1.51
E204F,-1,-1.002,-1.21
E199M,-1,-0.948,-0.87
Q145V,-1,-0.899,1.13
E173R,0,-0.874,-0.56
P192Y,-1,-0.986,-0.6
E160Y,0,-0.353,-0.5
N174C,-1,-0.291,0.76
D187N,0,-0.803,0.57
H110P,-1,-1.094,-1.98
S183D,-1,-1.213,0.26
L101T,-1,-0.888,-2.02
F91L,-1,-0.932,0.1
S80W,-2,-0.376,-0.92
S72C,0,-0.383,1.23
L198G,-1,-1.008,-2.86
L169I,-1,-1.23,-0.37
T202K,-2,-0.582,1.22
V87E,-1,-1.012,-3.34
C162T,-1,-1.446,-0.95
R176L,1,-0.349,0.39
P86F,-1,-1.278,2.23
L128R,-1,-0.987,-2.5
H208Y,-2,-1.5,-0.08
S72P,0,1.123,-2.01
V130R,-3,-2.068,-3.66
T157I,-1,-1.007,0.02
N141E,0,0.121,0.23
P99T,-1,-1.032,-0.82
D143I,-1,-1.032,0.73
F91M,-1,-0.205,-0.29
P99N,-1,-1.032,-0.62
S80G,-1,-0.441,-0.41
H115S,0,-1.113,-1.63
G114F,-1,-1.142,-3.25
L163V,-1,-0.903,-2.88
Q195L,-1,-0.979,0.29
L135T,-2,-1.398,-0.72
D92A,-1,-1.009,0.02
P192I,-1,-0.995,-0.57
V137P,-1,-1.032,-3.6
T157K,-1,-1.007,-0.74
R108S,0,-0.351,-0.95
L129D,-1,-1.007,-1.58
E94D,-2,-0.989,-0.55
L140N,-2,-1.397,-1.13
H208N,-3,-2.154,-0.6
Y112E,-3,-1.665,-0.28
D121R,1,1.257,-0.87
L153N,-1,-1.032,-1.13
G123V,-1,-1.073,0.31
V137G,-1,-1.032,-0.46
C77S,-1,-0.975,-1.23
E160R,0,-0.445,-0.55
P154V,-1,-1.166,-0.59
E160A,0,-0.396,-0.1
F76M,-1,-1.12,-0.44
E94N,-2,-0.472,-0.54
A207Y,0,-0.711,-0.67
Q209V,-2,-1.37,0.0
D187T,1,-1.254,-0.48
P97M,-1,-1.032,1.78
V62W,0,-0.916,0.18
P61H,-1,-1.032,0.76
E160F,0,-0.444,-0.93
N90S,0,0.996,-0.12
V62E,-1,-0.924,0.01
N67W,-1,-1.05,0.41
L89K,-3,-1.61,-3.22
L169K,-1,-1.018,-0.68
L184I,-1,-1.05,-0.37
L188V,-1,-0.78,-2.81
F148L,-1,-1.062,0.09
G104R,-1,-0.967,-2.17
L188A,-1,-0.84,-3.51
R161M,0,-0.348,-0.26
D126F,0,-0.236,-0.86
A149I,-1,-0.818,0.05
V165Q,-1,-1.023,0.31
T133E,-1,-1.111,-0.22
R161T,-1,-1.121,-1.57
P81A,-1,-1.032,0.67
G127M,-1,-0.959,-0.14
R82M,2,0.725,-0.12
L184K,-2,-1.684,-0.89
Y112L,-2,-1.234,-0.24
R176H,1,-0.349,-0.76
L129P,-1,-0.043,-1.2
Y98W,-1,-0.999,-0.12
P154K,-1,-1.166,-1.04
R69A,-1,-1.032,0.34
V155N,-1,-1.036,-1.24
N193E,1,0.038,-0.17
V62Q,-2,-1.476,-0.28
L184H,-1,-1.073,0.1
D190G,0,-0.37,0.37
P61D,-1,-1.032,0.43
V137I,-1,-1.032,0.08
T124Q,-1,-1.192,-0.48
L178I,-1,-1.099,-0.13
R64W,0,0.189,-0.15
E94P,-1,0.469,-1.16
R177W,-1,-0.18,-0.06
D197L,0,-0.672,1.38
V137E,-1,-1.032,-1.35
G144W,-1,-1.032,-2.26
Q73C,0,-0.601,0.09
Q209G,-2,-1.274,0.0
L163P,0,-0.289,-2.75
A122V,-1,-0.81,-0.12
V66T,-1,-1.094,-0.94
L85S,-1,-1.306,-2.26
F76D,-1,-1.026,-2.74
S111C,-1,-1.054,1.17
Q164T,1,-0.422,-2.5
L163G,-1,-0.82,-2.86
L85P,-1,-0.397,-2.36
P99R,-1,-1.032,-0.67
V74I,-1,-1.114,-0.68
R108Q,-1,-0.929,-0.25
R177M,-1,-0.18,-0.46
W88Q,-2,-1.251,-0.85
N131P,1,1.515,-1.5
H110E,-1,-1.032,-0.14
R167L,2,0.939,-0.98
L178C,0,-0.758,-0.44
K159H,0,-0.524,-0.39
E94K,-2,-0.524,-0.01
A207C,-1,-0.884,0.17
F76H,-1,-1.042,-1.41
R161N,0,-0.348,-1.26
L198I,-1,-1.069,-0.45
R161Q,0,-0.348,-0.04
E204S,-1,-1.188,-1.28
T157R,-1,-0.998,-0.54
Q73D,0,-0.601,-1.04
S139L,-1,-1.158,0.77
K171V,-1,-1.058,0.48
L101M,-1,-0.839,-0.64
K196M,0,-0.28,0.12
R108I,0,-0.433,0.59
V170L,-2,-0.92,-0.66
D187H,1,-0.503,0.82
D121N,0,-0.264,-0.15
G114C,-1,-1.086,-2.87
V87R,-1,-1.066,-4.4
R82P,2,0.788,-1.37
S168E,-1,-0.202,1.28
E189Q,0,-0.944,-0.39
L63T,-1,-1.032,-2.02
L198P,0,-0.333,-2.75
G93T,-3,-1.644,-3.15
N78A,3,1.14,0.03
R69I,-1,-1.032,0.58
F119G,-1,-1.149,-1.83
R200N,0,-0.622,-1.48
R60I,-1,-1.032,0.0
V66E,-1,-1.164,-1.35
H191W,0,-0.42,0.27
W117C,-1,-0.906,-1.15
P71T,-2,-1.349,2.06
L178F,0,-0.758,-0.38
H191A,0,-0.383,0.31
E189N,0,-0.823,-1.92
L101F,-1,-0.542,-0.39
P154L,-1,-1.084,-0.58
R177Q,-1,-0.18,-0.04
Q145L,-1,-0.899,0.62
Q132H,-2,-0.993,0.18
P172V,0,-0.715,1.71
L169H,-1,-1.098,-0.98
L63W,-1,-1.114,-1.29
V166I,-1,-0.728,0.35
H115E,-1,-1.09,-0.55
L118N,-1,-0.989,-2.71
W117E,-2,-1.289,-2.27
H208G,-2,-1.49,2.09
Q203R,-1,-0.941,-0.15
N131V,0,0.719,0.66
Q195A,-1,-0.977,0.42
K171Q,-1,-1.017,0.04
R176D,0,-0.583,-1.15
L128Q,-2,-1.306,-1.72
Q132I,-1,-0.781,0.99
W117F,-1,-1.027,-0.8
T124V,-1,-1.206,-0.11
T157G,-1,-1.007,0.06
S65D,-1,-1.061,-0.58
G144K,-1,-1.026,-2.63
V170F,-1,-0.967,-0.46
T152H,-2,-1.256,0.03
G104I,-1,-0.748,-2.26
S183T,-1,-1.187,-0.14
C77P,1,-0.016,-1.8
S68A,0,-0.302,0.11
V170W,-1,-0.996,-0.53
Y112H,-2,-1.309,-0.78
L158F,-1,-1.004,-0.63
Y156T,-1,-0.806,-1.77
L178M,0,-0.758,-0.15
R69T,-2,-1.619,-0.62
S65A,0,-0.609,0.78
R108C,0,-0.385,-0.21
L129G,-1,-1.045,-0.17
S183W,-1,-1.213,0.62
Y156S,-1,-0.875,-1.31
G106I,-1,-0.923,0.62
L128H,-2,-1.413,-0.54
R205I,-1,-1.119,-0.13
I206N,-1,-1.626,-0.68
P138Q,-3,-1.749,-0.8
N174P,0,0.221,-0.47
E94M,-2,-0.52,0.32
Q209C,-2,-1.335,0.0
D92H,-1,-1.086,0.21
S168W,-1,-0.202,0.37
T202F,-1,-0.549,0.96
P71M,-1,-1.07,1.78
L128E,-1,-0.989,-1.84
S183P,0,-1.041,-0.48
C77V,-1,-0.95,0.17
S80T,-1,-0.441,-0.41
T202R,-2,-0.582,1.46
A149K,-1,-1.12,-3.33
N131W,0,0.698,0.07
N141H,1,0.561,0.67
L188Y,-1,-0.957,-1.96
T105N,-1,-0.199,-0.5
P172T,0,-0.656,0.34
Q96I,-1,-1.129,1.16
L85N,-1,-0.998,-1.97
A149G,-1,-1.072,-0.92
K196C,0,-0.285,-0.16
F148T,-1,-1.082,-0.04
R107L,0,-0.054,0.26
F136S,-1,-1.007,-2.56
A149C,-1,-1.002,-0.05
L89V,-1,-1.071,-1.41
V84A,-1,-1.041,-2.71
R182M,-1,-0.845,-0.46
L178D,0,-0.758,-0.69
H125N,-1,-0.419,-0.13
N131A,0,0.72,-0.32
P172S,-1,-1.183,0.49
S68G,0,-0.302,-0.85
F76P,-1,-0.463,-4.11
R182N,-1,-0.845,-1.29
N174I,-1,-0.3,1.04
T133A,-1,-1.003,-0.12
P61Q,-1,-1.032,0.48
D121H,2,0.769,-0.53
V170R,-1,-1.008,-0.85
A207H,-1,-1.002,-0.25
S111K,-1,-1.057,-1.25
D187P,2,-0.076,-1.42
Q145N,-1,-1.586,-0.2
D197I,0,-0.73,0.93
V84W,-1,-0.92,-2.3
D92P,0,-0.809,-0.43
P71C,-1,-1.032,1.31
N90F,0,1.012,-0.67
L85E,-1,-1.076,-0.57
R167S,2,0.686,-3.12
L201V,-1,-1.053,-2.88
S111P,-1,-0.568,-1.34
P71W,-1,-1.032,2.08
T202L,-2,-0.589,1.99
L140R,-1,-1.032,-0.47
I147M,-1,-0.858,-0.71
V130M,-1,-1.144,-1.82
T105C,-1,-0.337,1.02
V181G,-1,-0.941,0.19
H208T,-2,-1.418,-0.4
L101Q,-2,-1.386,-1.6
F76Y,-1,-1.081,-0.42
R113T,-2,-0.98,-0.35
L89S,-2,-1.646,-3.28
P95Q,-2,-1.627,1.95
P138V,-1,-1.041,0.37
H208D,-2,-1.418,-0.2
V142Y,-1,-0.916,-0.37
R177N,-1,-0.133,-1.26
L129I,-1,-1.107,0.5
L184R,-1,-1.059,-0.29
G106Q,-1,-0.96,-0.6
E186C,0,-0.61,-0.64
R113N,-1,-0.604,-0.61
L158A,-1,-1.005,0.15
W88P,-1,-0.229,-2.35
P95H,-2,-1.467,1.98
Q145E,-1,-0.921,-0.11
S68C,0,-0.273,0.18
G144P,-2,-1.265,-4.29
V84E,-1,-1.039,-3.12
C162Y,-2,-1.165,0.37
F91D,-1,-0.768,-0.15
T152L,-1,-0.836,0.37
N141T,1,0.561,-0.09
D179P,-1,-1.015,-0.89
S65C,0,-0.496,0.52
V83Q,-1,-1.047,-0.55
Q132R,-1,-0.994,-0.01
G104M,-1,-0.932,-2.22
I109L,-1,-1.035,-0.5
V84C,-1,-1.032,-0.92
P138M,-2,-1.29,0.33
S183N,-1,-1.213,-0.17
V166D,-1,-0.69,-0.55
V165I,-1,-0.771,0.35
G127W,-1,-0.963,-0.22
P61C,-1,-1.032,0.51
P103H,-1,-1.032,-0.39
N67F,-1,-1.05,0.32
P95K,-1,-1.074,1.83
L201S,-1,-1.21,-2.47
A122R,-1,-0.81,-0.1
P172D,-1,-0.733,0.74
Q96F,-1,-1.121,0.52
G127Q,-2,-1.175,-0.44
L178P,0,-0.101,0.58
R167D,1,0.443,-3.09
D92R,-1,-1.01,-0.04
R82Q,2,0.7,-0.33
T124L,-1,-1.192,0.17
T105H,-1,-1.248,0.6
S80A,-1,-0.393,0.67
E186V,0,-0.61,-0.46
Q73R,0,-0.601,-0.09
L128V,-1,-1.032,-1.54
G106E,-1,-0.988,-0.2
N67G,-1,-1.05,0.54
K196W,0,-0.338,0.26
P146G,-1,-1.032,-0.35
G104E,-1,-0.967,-2.75
D121V,2,0.901,0.76
S168D,-1,-0.202,-0.18
G106N,-2,-1.521,-0.93
T133C,-1,-1.097,0.81
N67S,-1,-1.05,-0.62
N174L,-1,-0.295,1.52
R113W,-1,-0.512,0.07
V87H,-1,-1.121,-3.16
V83E,-2,-1.473,-0.44
Q209K,-2,-1.335,0.0
P97A,-1,-1.032,1.51
R107S,0,-0.099,-1.02
P97E,-1,-1.032,1.8
T133D,-1,-1.121,-0.64
V130Y,-3,-0.196,-1.9
P154G,-1,-1.093,-0.35
S168A,-1,-0.202,1.49
W117H,-1,-1.028,-2.0
V84L,-1,-1.141,-1.45
I206Y,-1,-0.865,0.01
P71Q,-1,-1.032,1.56
Y98M,-1,-1.015,-0.34
V137Y,-1,-1.032,-0.37
V87Y,-1,-1.077,-2.29
I180W,-2,-0.933,-0.52
L116D,-1,-0.982,-1.74
C162N,-1,-1.108,-0.53
E70W,-1,-0.523,0.4
R107P,0,0.796,-1.61
E173Q,0,-0.874,-0.4
L140M,-1,-1.032,-0.15
I147Q,-3,-1.581,-0.57
H115L,0,-0.777,0.81
V166Y,-1,-1.204,0.22
Y185S,0,-0.489,-2.81
N150A,0,-0.396,0.56
R82I,1,0.772,0.63
N131M,0,0.72,0.1
I109F,-1,-0.985,-0.52
V62M,0,-0.916,-0.1
D190K,0,-0.37,-0.68
P102K,-1,-1.202,-1.04
E134K,-1,-1.032,-0.16
L140C,-1,-1.032,-0.4
G123E,-1,-1.085,0.38
R200H,0,-0.622,-0.39
R120V,2,0.417,1.03
V62R,-1,-0.924,-0.11
N67D,-1,-1.05,-0.22
H191L,0,-0.431,0.35
F119S,-1,-1.246,-2.83
N174F,-1,-0.295,0.74
F148P,-1,-0.951,-2.08
Y185V,0,-0.476,-1.33
P71A,-1,-1.032,1.51
V194T,-1,-1.028,-1.1
E186A,0,-0.61,-0.14
D197A,0,-0.624,1.48
Y156W,-1,-0.507,-0.45
F148K,-1,-1.03,-0.27
K196V,0,-0.341,0.14
S72Q,-2,-0.618,-0.66
R82V,2,0.703,0.64
R79W,-1,-1.045,0.27
Y175C,-1,-0.863,-1.35
