pos,wild
60,R
61,P
62,V
63,L
64,R
65,S
66,V
67,N
68,S
69,R
70,E
71,P
72,S
73,Q
74,V
75,I
76,F
77,C
78,N
79,R
80,S
81,P
82,R
83,V
84,V
85,L
86,P
87,V
88,W
89,L
90,N
91,F
92,D
93,G
94,E
95,P
96,Q
97,P
98,Y
99,P
100,T
101,L
102,P
103,P
104,G
105,T
106,G
107,R
108,R
109,I
110,H
111,S
112,Y
113,R
114,G
115,H
116,L
117,W
118,L
119,F
120,R
121,D
122,A
123,G
124,T
125,H
126,D
127,G
128,L
129,L
130,V
131,N
132,Q
133,T
134,E
135,L
136,F
137,V
138,P
139,S
140,L
141,N
142,V
143,D
144,G
145,Q
146,P
147,I
148,F
149,A
150,N
151,I
152,T
153,L
154,P
155,V
156,Y
157,T
158,L
159,K
160,E
161,R
162,C
163,L
164,Q
165,V
166,V
167,R
168,S
169,L
170,V
171,K
172,P
173,E
174,N
175,Y
176,R
177,R
178,L
179,D
180,I
181,V
182,R
183,S
184,L
185,Y
186,E
187,D
188,L
189,E
190,D
191,H
192,P
193,N
194,V
195,Q
196,K
197,D
198,L
199,E
200,R
201,L
202,T
203,Q
204,E
205,R
206,I
207,A
208,H
209,Q
